SET client_encoding = 'UTF8';

CREATE TABLE IF NOT EXISTS patient (
  id BIGINT GENERATED BY DEFAULT AS IDENTITY PRIMARY KEY,
  name VARCHAR(50) NOT NULL,
  phone VARCHAR(20) NOT NULL UNIQUE,
  email VARCHAR(120),
  password_hash VARCHAR(255) NOT NULL,
  gender VARCHAR(10),
  age INT,
  allergy_history VARCHAR(500),
  past_history VARCHAR(1000),
  address VARCHAR(255),
  emergency_contact VARCHAR(80),
  emergency_phone VARCHAR(30),
  blood_type VARCHAR(10),
  height_cm INT,
  weight_kg NUMERIC(5, 2),
  created_at TIMESTAMP NOT NULL DEFAULT CURRENT_TIMESTAMP,
  updated_at TIMESTAMP NOT NULL DEFAULT CURRENT_TIMESTAMP
);

ALTER TABLE patient ADD COLUMN IF NOT EXISTS email VARCHAR(120);

CREATE UNIQUE INDEX IF NOT EXISTS uk_patient_email ON patient(email) WHERE email IS NOT NULL;

CREATE TABLE IF NOT EXISTS patient_email_verification_code (
  id BIGINT GENERATED BY DEFAULT AS IDENTITY PRIMARY KEY,
  email VARCHAR(120) NOT NULL,
  phone VARCHAR(20),
  purpose VARCHAR(40) NOT NULL DEFAULT 'REGISTER',
  code_hash VARCHAR(128) NOT NULL,
  expires_at TIMESTAMP NOT NULL,
  consumed_at TIMESTAMP,
  failed_attempts INT NOT NULL DEFAULT 0,
  last_sent_ip VARCHAR(64),
  created_at TIMESTAMP NOT NULL DEFAULT CURRENT_TIMESTAMP,
  updated_at TIMESTAMP NOT NULL DEFAULT CURRENT_TIMESTAMP
);

CREATE INDEX IF NOT EXISTS idx_patient_email_code_email_purpose ON patient_email_verification_code(email, purpose, created_at DESC);
CREATE INDEX IF NOT EXISTS idx_patient_email_code_expires ON patient_email_verification_code(expires_at);

CREATE TABLE IF NOT EXISTS patient_visitor (
  id BIGINT GENERATED BY DEFAULT AS IDENTITY PRIMARY KEY,
  owner_patient_id BIGINT NOT NULL,
  name VARCHAR(80) NOT NULL,
  relationship VARCHAR(40),
  phone VARCHAR(30),
  gender VARCHAR(10),
  age INT,
  address VARCHAR(255),
  emergency_contact VARCHAR(80),
  emergency_phone VARCHAR(30),
  blood_type VARCHAR(10),
  height_cm INT,
  weight_kg NUMERIC(5, 2),
  allergy_history VARCHAR(500),
  past_history VARCHAR(1000),
  created_at TIMESTAMP NOT NULL DEFAULT CURRENT_TIMESTAMP,
  updated_at TIMESTAMP NOT NULL DEFAULT CURRENT_TIMESTAMP
);

CREATE TABLE IF NOT EXISTS department (
  id BIGINT GENERATED BY DEFAULT AS IDENTITY PRIMARY KEY,
  code VARCHAR(50) NOT NULL UNIQUE,
  name VARCHAR(50) NOT NULL UNIQUE,
  description VARCHAR(500),
  created_at TIMESTAMP NOT NULL DEFAULT CURRENT_TIMESTAMP
);

CREATE TABLE IF NOT EXISTS doctor (
  id BIGINT GENERATED BY DEFAULT AS IDENTITY PRIMARY KEY,
  name VARCHAR(50) NOT NULL,
  phone VARCHAR(20) UNIQUE,
  password_hash VARCHAR(255) NOT NULL,
  department_id BIGINT NOT NULL,
  title VARCHAR(50),
  specialty VARCHAR(500),
  status VARCHAR(20) NOT NULL,
  created_at TIMESTAMP NOT NULL DEFAULT CURRENT_TIMESTAMP
);

CREATE TABLE IF NOT EXISTS triage_record (
  id BIGINT GENERATED BY DEFAULT AS IDENTITY PRIMARY KEY,
  patient_id BIGINT NOT NULL,
  owner_patient_id BIGINT,
  subject_type VARCHAR(20),
  subject_id BIGINT,
  subject_name VARCHAR(80),
  subject_relationship VARCHAR(40),
  subject_gender VARCHAR(20),
  subject_age INT,
  chief_complaint TEXT NOT NULL,
  recommended_department VARCHAR(100),
  recommended_doctor_ids VARCHAR(255),
  assigned_doctor_id BIGINT,
  reason TEXT,
  ai_result_json TEXT,
  status VARCHAR(20) NOT NULL,
  created_at TIMESTAMP NOT NULL DEFAULT CURRENT_TIMESTAMP
);

ALTER TABLE triage_record ADD COLUMN IF NOT EXISTS assigned_doctor_id BIGINT;
ALTER TABLE triage_record ADD COLUMN IF NOT EXISTS owner_patient_id BIGINT;
ALTER TABLE triage_record ADD COLUMN IF NOT EXISTS subject_type VARCHAR(20);
ALTER TABLE triage_record ADD COLUMN IF NOT EXISTS subject_id BIGINT;
ALTER TABLE triage_record ADD COLUMN IF NOT EXISTS subject_name VARCHAR(80);
ALTER TABLE triage_record ADD COLUMN IF NOT EXISTS subject_relationship VARCHAR(40);
ALTER TABLE triage_record ADD COLUMN IF NOT EXISTS subject_gender VARCHAR(20);
ALTER TABLE triage_record ADD COLUMN IF NOT EXISTS subject_age INT;

UPDATE triage_record t
SET owner_patient_id = COALESCE(t.owner_patient_id, t.patient_id),
    subject_type = COALESCE(NULLIF(t.subject_type, ''), 'ACCOUNT'),
    subject_id = COALESCE(t.subject_id, t.patient_id),
    subject_name = COALESCE(NULLIF(t.subject_name, ''), p.name),
    subject_relationship = COALESCE(NULLIF(t.subject_relationship, ''), '本人'),
    subject_gender = COALESCE(NULLIF(t.subject_gender, ''), p.gender),
    subject_age = COALESCE(t.subject_age, p.age)
FROM patient p
WHERE p.id = t.patient_id;

CREATE TABLE IF NOT EXISTS doctor_schedule (
  id BIGINT GENERATED BY DEFAULT AS IDENTITY PRIMARY KEY,
  doctor_id BIGINT NOT NULL,
  department_id BIGINT NOT NULL,
  work_date DATE NOT NULL,
  time_range VARCHAR(30) NOT NULL,
  capacity INT NOT NULL,
  status VARCHAR(20) NOT NULL,
  created_at TIMESTAMP NOT NULL DEFAULT CURRENT_TIMESTAMP,
  updated_at TIMESTAMP NOT NULL DEFAULT CURRENT_TIMESTAMP
);

CREATE TABLE IF NOT EXISTS appointment_slot (
  id BIGINT GENERATED BY DEFAULT AS IDENTITY PRIMARY KEY,
  schedule_id BIGINT,
  doctor_id BIGINT NOT NULL,
  department_id BIGINT NOT NULL,
  start_time TIMESTAMP NOT NULL,
  end_time TIMESTAMP NOT NULL,
  capacity INT NOT NULL,
  remaining_capacity INT NOT NULL,
  status VARCHAR(20) NOT NULL,
  created_at TIMESTAMP NOT NULL DEFAULT CURRENT_TIMESTAMP,
  updated_at TIMESTAMP NOT NULL DEFAULT CURRENT_TIMESTAMP
);

CREATE TABLE IF NOT EXISTS ai_schedule_suggestion (
  id BIGINT GENERATED BY DEFAULT AS IDENTITY PRIMARY KEY,
  doctor_id BIGINT NOT NULL,
  department_id BIGINT NOT NULL,
  work_date DATE NOT NULL,
  time_range VARCHAR(30) NOT NULL,
  capacity INT NOT NULL,
  reason TEXT,
  status VARCHAR(20) NOT NULL,
  source VARCHAR(50) NOT NULL DEFAULT 'unknown',
  degraded BOOLEAN NOT NULL DEFAULT FALSE,
  created_at TIMESTAMP NOT NULL DEFAULT CURRENT_TIMESTAMP,
  updated_at TIMESTAMP NOT NULL DEFAULT CURRENT_TIMESTAMP
);

ALTER TABLE ai_schedule_suggestion ADD COLUMN IF NOT EXISTS source VARCHAR(50) DEFAULT 'unknown';
ALTER TABLE ai_schedule_suggestion ADD COLUMN IF NOT EXISTS degraded BOOLEAN DEFAULT FALSE;
UPDATE ai_schedule_suggestion SET source = 'legacy-rule' WHERE source IS NULL;
UPDATE ai_schedule_suggestion SET degraded = TRUE WHERE degraded IS NULL;
ALTER TABLE ai_schedule_suggestion ALTER COLUMN source SET NOT NULL;
ALTER TABLE ai_schedule_suggestion ALTER COLUMN degraded SET NOT NULL;

CREATE TABLE IF NOT EXISTS registration (
  id BIGINT GENERATED BY DEFAULT AS IDENTITY PRIMARY KEY,
  patient_id BIGINT NOT NULL,
  owner_patient_id BIGINT,
  subject_type VARCHAR(20),
  subject_id BIGINT,
  subject_name VARCHAR(80),
  subject_relationship VARCHAR(40),
  subject_gender VARCHAR(20),
  subject_age INT,
  visitor_id BIGINT,
  visitor_type VARCHAR(20),
  visitor_name VARCHAR(80),
  visitor_relationship VARCHAR(40),
  visitor_gender VARCHAR(20),
  visitor_age INT,
  doctor_id BIGINT NOT NULL,
  department_id BIGINT NOT NULL,
  triage_record_id BIGINT,
  slot_id BIGINT,
  appointment_time TIMESTAMP NOT NULL,
  status VARCHAR(20) NOT NULL,
  created_at TIMESTAMP NOT NULL DEFAULT CURRENT_TIMESTAMP,
  updated_at TIMESTAMP NOT NULL DEFAULT CURRENT_TIMESTAMP
);

ALTER TABLE registration ADD COLUMN IF NOT EXISTS visitor_id BIGINT;
ALTER TABLE registration ADD COLUMN IF NOT EXISTS visitor_type VARCHAR(20);
ALTER TABLE registration ADD COLUMN IF NOT EXISTS visitor_name VARCHAR(80);
ALTER TABLE registration ADD COLUMN IF NOT EXISTS visitor_relationship VARCHAR(40);
ALTER TABLE registration ADD COLUMN IF NOT EXISTS visitor_gender VARCHAR(20);
ALTER TABLE registration ADD COLUMN IF NOT EXISTS visitor_age INT;
ALTER TABLE registration ADD COLUMN IF NOT EXISTS owner_patient_id BIGINT;
ALTER TABLE registration ADD COLUMN IF NOT EXISTS subject_type VARCHAR(20);
ALTER TABLE registration ADD COLUMN IF NOT EXISTS subject_id BIGINT;
ALTER TABLE registration ADD COLUMN IF NOT EXISTS subject_name VARCHAR(80);
ALTER TABLE registration ADD COLUMN IF NOT EXISTS subject_relationship VARCHAR(40);
ALTER TABLE registration ADD COLUMN IF NOT EXISTS subject_gender VARCHAR(20);
ALTER TABLE registration ADD COLUMN IF NOT EXISTS subject_age INT;

UPDATE registration r
SET owner_patient_id = COALESCE(r.owner_patient_id, r.patient_id),
    subject_type = COALESCE(NULLIF(r.subject_type, ''), CASE WHEN UPPER(COALESCE(r.visitor_type, '')) = 'VISITOR' AND r.visitor_id IS NOT NULL THEN 'VISITOR' ELSE 'ACCOUNT' END),
    subject_id = COALESCE(r.subject_id, CASE WHEN UPPER(COALESCE(r.visitor_type, '')) = 'VISITOR' AND r.visitor_id IS NOT NULL THEN r.visitor_id ELSE r.patient_id END),
    subject_name = COALESCE(NULLIF(r.subject_name, ''), NULLIF(r.visitor_name, ''), p.name),
    subject_relationship = COALESCE(NULLIF(r.subject_relationship, ''), NULLIF(r.visitor_relationship, ''), CASE WHEN UPPER(COALESCE(r.visitor_type, '')) = 'VISITOR' THEN '家属' ELSE '本人' END),
    subject_gender = COALESCE(NULLIF(r.subject_gender, ''), NULLIF(r.visitor_gender, ''), p.gender),
    subject_age = COALESCE(r.subject_age, r.visitor_age, p.age)
FROM patient p
WHERE p.id = r.patient_id;

CREATE TABLE IF NOT EXISTS medical_record (
  id BIGINT GENERATED BY DEFAULT AS IDENTITY PRIMARY KEY,
  patient_id BIGINT NOT NULL,
  owner_patient_id BIGINT,
  subject_type VARCHAR(20),
  subject_id BIGINT,
  subject_name VARCHAR(80),
  subject_relationship VARCHAR(40),
  subject_gender VARCHAR(20),
  subject_age INT,
  doctor_id BIGINT NOT NULL,
  registration_id BIGINT NOT NULL UNIQUE,
  chief_complaint TEXT NOT NULL,
  present_illness TEXT,
  past_history TEXT,
  physical_exam TEXT,
  diagnosis TEXT NOT NULL,
  treatment_advice TEXT,
  ai_generated BOOLEAN NOT NULL DEFAULT TRUE,
  created_at TIMESTAMP NOT NULL DEFAULT CURRENT_TIMESTAMP
);

ALTER TABLE medical_record ADD COLUMN IF NOT EXISTS owner_patient_id BIGINT;
ALTER TABLE medical_record ADD COLUMN IF NOT EXISTS subject_type VARCHAR(20);
ALTER TABLE medical_record ADD COLUMN IF NOT EXISTS subject_id BIGINT;
ALTER TABLE medical_record ADD COLUMN IF NOT EXISTS subject_name VARCHAR(80);
ALTER TABLE medical_record ADD COLUMN IF NOT EXISTS subject_relationship VARCHAR(40);
ALTER TABLE medical_record ADD COLUMN IF NOT EXISTS subject_gender VARCHAR(20);
ALTER TABLE medical_record ADD COLUMN IF NOT EXISTS subject_age INT;

UPDATE medical_record m
SET owner_patient_id = COALESCE(m.owner_patient_id, r.owner_patient_id, r.patient_id, m.patient_id),
    subject_type = COALESCE(NULLIF(m.subject_type, ''), NULLIF(r.subject_type, ''), 'ACCOUNT'),
    subject_id = COALESCE(m.subject_id, r.subject_id, r.patient_id, m.patient_id),
    subject_name = COALESCE(NULLIF(m.subject_name, ''), NULLIF(r.subject_name, '')),
    subject_relationship = COALESCE(NULLIF(m.subject_relationship, ''), NULLIF(r.subject_relationship, ''), '本人'),
    subject_gender = COALESCE(NULLIF(m.subject_gender, ''), NULLIF(r.subject_gender, '')),
    subject_age = COALESCE(m.subject_age, r.subject_age)
FROM registration r
WHERE r.id = m.registration_id;

UPDATE medical_record m
SET owner_patient_id = COALESCE(m.owner_patient_id, m.patient_id),
    subject_type = COALESCE(NULLIF(m.subject_type, ''), 'ACCOUNT'),
    subject_id = COALESCE(m.subject_id, m.patient_id),
    subject_name = COALESCE(NULLIF(m.subject_name, ''), p.name),
    subject_relationship = COALESCE(NULLIF(m.subject_relationship, ''), '本人'),
    subject_gender = COALESCE(NULLIF(m.subject_gender, ''), p.gender),
    subject_age = COALESCE(m.subject_age, p.age)
FROM patient p
WHERE p.id = m.patient_id;

CREATE TABLE IF NOT EXISTS registration_order (
  id BIGINT GENERATED BY DEFAULT AS IDENTITY PRIMARY KEY,
  order_no VARCHAR(64) NOT NULL UNIQUE,
  registration_id BIGINT NOT NULL,
  owner_patient_id BIGINT NOT NULL,
  subject_type VARCHAR(20) NOT NULL,
  subject_id BIGINT NOT NULL,
  amount NUMERIC(10, 2) NOT NULL DEFAULT 0,
  payment_status VARCHAR(20) NOT NULL,
  payment_method VARCHAR(30),
  paid_at TIMESTAMP,
  closed_at TIMESTAMP,
  created_at TIMESTAMP NOT NULL DEFAULT CURRENT_TIMESTAMP,
  updated_at TIMESTAMP NOT NULL DEFAULT CURRENT_TIMESTAMP
);

CREATE INDEX IF NOT EXISTS idx_registration_order_registration ON registration_order(registration_id);
CREATE INDEX IF NOT EXISTS idx_registration_order_owner_subject ON registration_order(owner_patient_id, subject_type, subject_id, payment_status);

CREATE TABLE IF NOT EXISTS prescription (
  id BIGINT GENERATED BY DEFAULT AS IDENTITY PRIMARY KEY,
  patient_id BIGINT NOT NULL,
  owner_patient_id BIGINT,
  subject_type VARCHAR(20),
  subject_id BIGINT,
  subject_name VARCHAR(80),
  subject_relationship VARCHAR(40),
  subject_gender VARCHAR(20),
  subject_age INT,
  doctor_id BIGINT NOT NULL,
  medical_record_id BIGINT,
  registration_id BIGINT,
  risk_level VARCHAR(20),
  status VARCHAR(20) NOT NULL,
  created_at TIMESTAMP NOT NULL DEFAULT CURRENT_TIMESTAMP
);

CREATE TABLE IF NOT EXISTS prescription_item (
  id BIGINT GENERATED BY DEFAULT AS IDENTITY PRIMARY KEY,
  prescription_id BIGINT NOT NULL,
  drug_name VARCHAR(100) NOT NULL,
  dosage VARCHAR(100) NOT NULL,
  frequency VARCHAR(100) NOT NULL,
  usage_method VARCHAR(200) NOT NULL,
  days INT,
  remark VARCHAR(500),
  created_at TIMESTAMP NOT NULL DEFAULT CURRENT_TIMESTAMP
);

ALTER TABLE registration ADD COLUMN IF NOT EXISTS slot_id BIGINT;
ALTER TABLE prescription ADD COLUMN IF NOT EXISTS registration_id BIGINT;
ALTER TABLE prescription ADD COLUMN IF NOT EXISTS owner_patient_id BIGINT;
ALTER TABLE prescription ADD COLUMN IF NOT EXISTS subject_type VARCHAR(20);
ALTER TABLE prescription ADD COLUMN IF NOT EXISTS subject_id BIGINT;
ALTER TABLE prescription ADD COLUMN IF NOT EXISTS subject_name VARCHAR(80);
ALTER TABLE prescription ADD COLUMN IF NOT EXISTS subject_relationship VARCHAR(40);
ALTER TABLE prescription ADD COLUMN IF NOT EXISTS subject_gender VARCHAR(20);
ALTER TABLE prescription ADD COLUMN IF NOT EXISTS subject_age INT;
ALTER TABLE prescription_item ADD COLUMN IF NOT EXISTS days INT;
ALTER TABLE prescription_item ADD COLUMN IF NOT EXISTS remark VARCHAR(500);

UPDATE prescription p
SET owner_patient_id = COALESCE(p.owner_patient_id, m.owner_patient_id, m.patient_id, p.patient_id),
    subject_type = COALESCE(NULLIF(p.subject_type, ''), NULLIF(m.subject_type, ''), 'ACCOUNT'),
    subject_id = COALESCE(p.subject_id, m.subject_id, m.patient_id, p.patient_id),
    subject_name = COALESCE(NULLIF(p.subject_name, ''), NULLIF(m.subject_name, '')),
    subject_relationship = COALESCE(NULLIF(p.subject_relationship, ''), NULLIF(m.subject_relationship, ''), '本人'),
    subject_gender = COALESCE(NULLIF(p.subject_gender, ''), NULLIF(m.subject_gender, '')),
    subject_age = COALESCE(p.subject_age, m.subject_age)
FROM medical_record m
WHERE m.id = p.medical_record_id;

UPDATE prescription p
SET owner_patient_id = COALESCE(p.owner_patient_id, r.owner_patient_id, r.patient_id, p.patient_id),
    subject_type = COALESCE(NULLIF(p.subject_type, ''), NULLIF(r.subject_type, ''), 'ACCOUNT'),
    subject_id = COALESCE(p.subject_id, r.subject_id, r.patient_id, p.patient_id),
    subject_name = COALESCE(NULLIF(p.subject_name, ''), NULLIF(r.subject_name, '')),
    subject_relationship = COALESCE(NULLIF(p.subject_relationship, ''), NULLIF(r.subject_relationship, ''), '本人'),
    subject_gender = COALESCE(NULLIF(p.subject_gender, ''), NULLIF(r.subject_gender, '')),
    subject_age = COALESCE(p.subject_age, r.subject_age)
FROM registration r
WHERE r.id = p.registration_id;

UPDATE prescription pr
SET owner_patient_id = COALESCE(pr.owner_patient_id, pr.patient_id),
    subject_type = COALESCE(NULLIF(pr.subject_type, ''), 'ACCOUNT'),
    subject_id = COALESCE(pr.subject_id, pr.patient_id),
    subject_name = COALESCE(NULLIF(pr.subject_name, ''), pa.name),
    subject_relationship = COALESCE(NULLIF(pr.subject_relationship, ''), '本人'),
    subject_gender = COALESCE(NULLIF(pr.subject_gender, ''), pa.gender),
    subject_age = COALESCE(pr.subject_age, pa.age)
FROM patient pa
WHERE pa.id = pr.patient_id;

CREATE INDEX IF NOT EXISTS idx_registration_owner_subject_slot ON registration(owner_patient_id, subject_type, subject_id, slot_id, status);
CREATE INDEX IF NOT EXISTS idx_triage_owner_subject ON triage_record(owner_patient_id, subject_type, subject_id, created_at);
CREATE INDEX IF NOT EXISTS idx_medical_record_owner_subject ON medical_record(owner_patient_id, subject_type, subject_id, created_at);
CREATE INDEX IF NOT EXISTS idx_prescription_owner_subject ON prescription(owner_patient_id, subject_type, subject_id, created_at);

CREATE TABLE IF NOT EXISTS prescription_check_record (
  id BIGINT GENERATED BY DEFAULT AS IDENTITY PRIMARY KEY,
  prescription_id BIGINT,
  patient_id BIGINT NOT NULL,
  doctor_id BIGINT NOT NULL,
  risk_level VARCHAR(20) NOT NULL,
  suggestions TEXT,
  interactions TEXT,
  ai_result_json TEXT,
  created_at TIMESTAMP NOT NULL DEFAULT CURRENT_TIMESTAMP
);

CREATE TABLE IF NOT EXISTS notification_message (
  id BIGINT GENERATED BY DEFAULT AS IDENTITY PRIMARY KEY,
  doctor_id BIGINT NOT NULL,
  patient_id BIGINT,
  prescription_id BIGINT,
  type VARCHAR(50) NOT NULL,
  title VARCHAR(100) NOT NULL,
  content TEXT NOT NULL,
  risk_level VARCHAR(20),
  read_status VARCHAR(20) NOT NULL DEFAULT 'UNREAD',
  handle_status VARCHAR(20) NOT NULL DEFAULT 'PENDING',
  handled_at TIMESTAMP,
  triage_record_id BIGINT,
  medical_record_id BIGINT,
  created_at TIMESTAMP NOT NULL DEFAULT CURRENT_TIMESTAMP
);

ALTER TABLE notification_message ADD COLUMN IF NOT EXISTS handle_status VARCHAR(20) NOT NULL DEFAULT 'PENDING';
ALTER TABLE notification_message ADD COLUMN IF NOT EXISTS handled_at TIMESTAMP;
ALTER TABLE notification_message ADD COLUMN IF NOT EXISTS triage_record_id BIGINT;
ALTER TABLE notification_message ADD COLUMN IF NOT EXISTS medical_record_id BIGINT;

UPDATE notification_message
SET handle_status = CASE
  WHEN UPPER(read_status) = 'READ' THEN 'HANDLED'
  ELSE 'PENDING'
END
WHERE handle_status IS NULL OR handle_status = 'PENDING';

UPDATE notification_message
SET handled_at = COALESCE(handled_at, created_at)
WHERE UPPER(handle_status) IN ('HANDLED', 'IGNORED') AND handled_at IS NULL;

CREATE TABLE IF NOT EXISTS prompt_template (
  id BIGINT GENERATED BY DEFAULT AS IDENTITY PRIMARY KEY,
  task_type VARCHAR(50) NOT NULL,
  department_code VARCHAR(50),
  template_name VARCHAR(100) NOT NULL,
  template_content TEXT NOT NULL,
  output_schema TEXT,
  version VARCHAR(20) NOT NULL,
  enabled BOOLEAN NOT NULL DEFAULT TRUE,
  created_at TIMESTAMP NOT NULL DEFAULT CURRENT_TIMESTAMP,
  updated_at TIMESTAMP NOT NULL DEFAULT CURRENT_TIMESTAMP
);

CREATE TABLE IF NOT EXISTS ai_generation_log (
  id BIGINT GENERATED BY DEFAULT AS IDENTITY PRIMARY KEY,
  task_type VARCHAR(50) NOT NULL,
  provider VARCHAR(50),
  model VARCHAR(100),
  request_id VARCHAR(64),
  biz_id BIGINT,
  patient_id BIGINT,
  doctor_id BIGINT,
  prompt_template_id BIGINT,
  input_summary TEXT,
  output_summary TEXT,
  success BOOLEAN,
  latency_ms BIGINT,
  request_summary TEXT,
  response_summary TEXT,
  raw_result_json TEXT,
  status VARCHAR(20) NOT NULL DEFAULT 'UNKNOWN',
  error_message TEXT,
  duration_ms INT,
  created_at TIMESTAMP NOT NULL DEFAULT CURRENT_TIMESTAMP
);
ALTER TABLE ai_generation_log ADD COLUMN IF NOT EXISTS provider VARCHAR(50);
ALTER TABLE ai_generation_log ADD COLUMN IF NOT EXISTS model VARCHAR(100);
ALTER TABLE ai_generation_log ADD COLUMN IF NOT EXISTS request_id VARCHAR(64);
ALTER TABLE ai_generation_log ADD COLUMN IF NOT EXISTS input_summary TEXT;
ALTER TABLE ai_generation_log ADD COLUMN IF NOT EXISTS output_summary TEXT;
ALTER TABLE ai_generation_log ADD COLUMN IF NOT EXISTS success BOOLEAN;
ALTER TABLE ai_generation_log ADD COLUMN IF NOT EXISTS status VARCHAR(20) DEFAULT 'UNKNOWN';
UPDATE ai_generation_log SET status = 'UNKNOWN' WHERE status IS NULL;
ALTER TABLE ai_generation_log ALTER COLUMN status SET DEFAULT 'UNKNOWN';
ALTER TABLE ai_generation_log ALTER COLUMN status SET NOT NULL;
ALTER TABLE ai_generation_log ADD COLUMN IF NOT EXISTS latency_ms BIGINT;
CREATE INDEX IF NOT EXISTS idx_ai_log_request_id ON ai_generation_log(request_id);
CREATE INDEX IF NOT EXISTS idx_ai_log_task_created ON ai_generation_log(task_type, created_at);

CREATE TABLE IF NOT EXISTS outbox_event (
  id BIGINT GENERATED BY DEFAULT AS IDENTITY PRIMARY KEY,
  event_id VARCHAR(64) NOT NULL UNIQUE,
  event_type VARCHAR(80) NOT NULL,
  source_service VARCHAR(80) NOT NULL,
  routing_key VARCHAR(120) NOT NULL,
  payload_json TEXT NOT NULL,
  status VARCHAR(20) NOT NULL,
  attempts INT NOT NULL DEFAULT 0,
  next_retry_at TIMESTAMP NOT NULL DEFAULT CURRENT_TIMESTAMP,
  last_error TEXT,
  created_at TIMESTAMP NOT NULL DEFAULT CURRENT_TIMESTAMP,
  sent_at TIMESTAMP
);

CREATE TABLE IF NOT EXISTS audit_log (
  id BIGINT GENERATED BY DEFAULT AS IDENTITY PRIMARY KEY,
  event_id VARCHAR(80) NOT NULL UNIQUE,
  event_type VARCHAR(80) NOT NULL,
  source_service VARCHAR(80) NOT NULL,
  trace_id VARCHAR(120),
  actor_type VARCHAR(40),
  actor_id BIGINT,
  action VARCHAR(80) NOT NULL,
  resource_type VARCHAR(80),
  resource_id VARCHAR(120),
  outcome VARCHAR(20) NOT NULL DEFAULT 'SUCCESS',
  detail_json TEXT,
  occurred_at TIMESTAMP NOT NULL,
  created_at TIMESTAMP NOT NULL DEFAULT CURRENT_TIMESTAMP
);

CREATE TABLE IF NOT EXISTS admin_user (
  id BIGINT GENERATED BY DEFAULT AS IDENTITY PRIMARY KEY,
  username VARCHAR(50) NOT NULL UNIQUE,
  password_hash VARCHAR(255) NOT NULL,
  name VARCHAR(50) NOT NULL,
  status VARCHAR(20) NOT NULL,
  created_at TIMESTAMP NOT NULL DEFAULT CURRENT_TIMESTAMP,
  updated_at TIMESTAMP NOT NULL DEFAULT CURRENT_TIMESTAMP
);

CREATE TABLE IF NOT EXISTS drug (
  id BIGINT GENERATED BY DEFAULT AS IDENTITY PRIMARY KEY,
  name VARCHAR(100) NOT NULL,
  specification VARCHAR(100),
  contraindication TEXT,
  interaction_rule TEXT,
  status VARCHAR(20) NOT NULL,
  created_at TIMESTAMP NOT NULL DEFAULT CURRENT_TIMESTAMP,
  updated_at TIMESTAMP NOT NULL DEFAULT CURRENT_TIMESTAMP
);

CREATE TABLE IF NOT EXISTS knowledge_entry (
  id BIGINT GENERATED BY DEFAULT AS IDENTITY PRIMARY KEY,
  title VARCHAR(100) NOT NULL,
  symptoms TEXT NOT NULL,
  risk_signals TEXT,
  advice TEXT NOT NULL,
  department_code VARCHAR(50),
  status VARCHAR(20) NOT NULL,
  created_at TIMESTAMP NOT NULL DEFAULT CURRENT_TIMESTAMP,
  updated_at TIMESTAMP NOT NULL DEFAULT CURRENT_TIMESTAMP
);

CREATE TABLE IF NOT EXISTS system_dict (
  id BIGINT GENERATED BY DEFAULT AS IDENTITY PRIMARY KEY,
  dict_type VARCHAR(50) NOT NULL,
  dict_key VARCHAR(50) NOT NULL,
  dict_value VARCHAR(100) NOT NULL,
  sort INT NOT NULL DEFAULT 0,
  status VARCHAR(20) NOT NULL,
  created_at TIMESTAMP NOT NULL DEFAULT CURRENT_TIMESTAMP,
  updated_at TIMESTAMP NOT NULL DEFAULT CURRENT_TIMESTAMP
);

CREATE INDEX IF NOT EXISTS idx_registration_patient_status ON registration(patient_id, status);
CREATE INDEX IF NOT EXISTS idx_registration_doctor_status ON registration(doctor_id, status);
CREATE INDEX IF NOT EXISTS idx_registration_slot_status ON registration(slot_id, status);
CREATE INDEX IF NOT EXISTS idx_triage_patient_status ON triage_record(patient_id, status);
CREATE INDEX IF NOT EXISTS idx_triage_assigned_doctor ON triage_record(assigned_doctor_id, status);
CREATE INDEX IF NOT EXISTS idx_schedule_work_date ON doctor_schedule(work_date, status);
CREATE INDEX IF NOT EXISTS idx_slot_start_status ON appointment_slot(start_time, status);
CREATE INDEX IF NOT EXISTS idx_medical_record_patient ON medical_record(patient_id);
CREATE INDEX IF NOT EXISTS idx_prescription_patient ON prescription(patient_id);
CREATE INDEX IF NOT EXISTS idx_prescription_doctor ON prescription(doctor_id);
CREATE INDEX IF NOT EXISTS idx_prescription_registration ON prescription(registration_id);
CREATE INDEX IF NOT EXISTS idx_notification_doctor_status ON notification_message(doctor_id, read_status);
CREATE INDEX IF NOT EXISTS idx_notification_doctor_created ON notification_message(doctor_id, created_at DESC);
CREATE INDEX IF NOT EXISTS idx_notification_doctor_handle ON notification_message(doctor_id, handle_status);
CREATE INDEX IF NOT EXISTS idx_notification_doctor_type ON notification_message(doctor_id, type);
CREATE UNIQUE INDEX IF NOT EXISTS ux_notification_triage_assign
  ON notification_message(doctor_id, triage_record_id, type)
  WHERE triage_record_id IS NOT NULL AND type = 'TRIAGE_ASSIGN';
CREATE INDEX IF NOT EXISTS idx_outbox_status_retry ON outbox_event(status, next_retry_at);
CREATE INDEX IF NOT EXISTS idx_audit_log_action_time ON audit_log(action, occurred_at DESC);
CREATE INDEX IF NOT EXISTS idx_audit_log_actor_time ON audit_log(actor_type, actor_id, occurred_at DESC);
CREATE INDEX IF NOT EXISTS idx_audit_log_resource ON audit_log(resource_type, resource_id);
CREATE INDEX IF NOT EXISTS idx_drug_status ON drug(status);
CREATE INDEX IF NOT EXISTS idx_knowledge_status_department ON knowledge_entry(status, department_code);
CREATE INDEX IF NOT EXISTS idx_system_dict_type ON system_dict(dict_type, status);

INSERT INTO department (id, code, name, description) VALUES
  (1, 'CARDIOLOGY', '心内科', '胸痛、心悸、高血压等心血管疾病诊疗科室'),
  (2, 'GENERAL', '全科门诊', '常见轻症初诊、复诊和健康咨询'),
  (3, 'RESPIRATORY', '呼吸内科', '咳嗽、哮喘、肺部感染等呼吸系统疾病诊疗')
ON CONFLICT (id) DO NOTHING;

INSERT INTO doctor (id, name, phone, password_hash, department_id, title, specialty, status) VALUES
  (1, '张医生', '13900000001', '{sha256}8d969eef6ecad3c29a3a629280e686cf0c3f5d5a86aff3ca12020c923adc6c92', 1, '主任医师', '胸痛、心悸、高血压', 'ENABLED'),
  (2, '李医生', '13900000002', '{sha256}8d969eef6ecad3c29a3a629280e686cf0c3f5d5a86aff3ca12020c923adc6c92', 2, '主治医师', '发热、咽痛、腹泻、皮肤过敏', 'ENABLED'),
  (3, '王医生', '13900000003', '{sha256}8d969eef6ecad3c29a3a629280e686cf0c3f5d5a86aff3ca12020c923adc6c92', 3, '副主任医师', '咳嗽、哮喘、肺部感染', 'ENABLED')
ON CONFLICT (phone) DO UPDATE SET
  name = EXCLUDED.name,
  password_hash = EXCLUDED.password_hash,
  department_id = EXCLUDED.department_id,
  title = EXCLUDED.title,
  specialty = EXCLUDED.specialty,
  status = EXCLUDED.status;

INSERT INTO patient (id, name, phone, password_hash, gender, age, allergy_history, past_history) VALUES
  (1, '测试患者', '13800000001', '{sha256}8d969eef6ecad3c29a3a629280e686cf0c3f5d5a86aff3ca12020c923adc6c92', 'FEMALE', 21, '无明确药物过敏史', '无特殊既往史')
ON CONFLICT (phone) DO UPDATE SET
  name = EXCLUDED.name,
  password_hash = EXCLUDED.password_hash,
  gender = EXCLUDED.gender,
  age = EXCLUDED.age,
  allergy_history = EXCLUDED.allergy_history,
  past_history = EXCLUDED.past_history;

INSERT INTO admin_user (id, username, password_hash, name, status) VALUES
  (1, 'admin', '{sha256}8d969eef6ecad3c29a3a629280e686cf0c3f5d5a86aff3ca12020c923adc6c92', '系统管理员', 'ENABLED')
ON CONFLICT (username) DO UPDATE SET
  password_hash = EXCLUDED.password_hash,
  name = EXCLUDED.name,
  status = EXCLUDED.status;

INSERT INTO drug (id, name, specification, contraindication, interaction_rule, status) VALUES
  (1, '阿司匹林', '100mg', '活动性出血禁用', '与抗凝药同用时出血风险升高', 'ENABLED'),
  (2, '对乙酰氨基酚', '0.5g', '严重肝功能不全慎用', '避免与其他含同成分复方药重复使用', 'ENABLED'),
  (3, '氯雷他定', '10mg', '对本品过敏禁用', '与强效 CYP3A4 抑制剂合用需谨慎', 'ENABLED'),
  (4, '阿莫西林', '0.25g', '青霉素过敏禁用', '与别嘌醇合用皮疹风险增加', 'ENABLED')
ON CONFLICT (id) DO NOTHING;

INSERT INTO prompt_template (id, task_type, department_code, template_name, template_content, output_schema, version, enabled) VALUES
  (1, 'TRIAGE', 'GENERAL', 'GENERAL_TRIAGE_v1', '你是医院预分诊助手。根据患者主诉、症状、年龄、性别、过敏史和既往史推荐科室、医生方向、紧急程度、置信度和推理说明；不确定时说明需人工复核，不要编造医生 ID。', '{"type":"object","required":["recommendedDepartment","departmentCode","recommendedDoctorDirection","urgencyLevel","confidence","recommendedDoctorIds","reason"]}', 'v1', TRUE),
  (2, 'MEDICAL_RECORD', 'GENERAL', 'GENERAL_MEDICAL_RECORD_v1', '你是医生病历助手。根据真实问诊文本、患者信息、挂号信息和医生信息生成结构化病历，必须包含主诉、现病史、既往史、查体、初步诊断、处理建议和 SOAP 内容；不得忽略医生输入。', '{"type":"object","required":["chiefComplaint","presentIllness","pastHistory","physicalExam","diagnosis","treatmentAdvice","soapContent"]}', 'v1', TRUE),
  (3, 'PRESCRIPTION_CHECK', 'GENERAL', 'GENERAL_PRESCRIPTION_CHECK_v1', '你是处方安全审核助手。根据诊断、患者基本信息、过敏史/既往史、药品名称、剂量、用法、频次识别风险等级、风险说明、相互作用、禁忌症和调整建议；不要只按药品名给出固定结论。', '{"type":"object","required":["riskLevel","riskDescription","suggestions","interactions","contraindications","adjustmentSuggestions"]}', 'v1', TRUE),
  (4, 'SCHEDULE', 'GENERAL', 'GENERAL_SCHEDULE_v1', '你是医院门诊排班助手。只能从启用医生和科室清单中选择，避开已有排班，在指定日期范围内生成合理的上午或下午门诊建议。每条建议必须提供医生、科室、日期、HH:mm-HH:mm时段、1-100容量和可解释理由。', '{"type":"object","required":["suggestions"]}', 'v1', TRUE)
ON CONFLICT (id) DO NOTHING;

INSERT INTO knowledge_entry (id, title, symptoms, risk_signals, advice, department_code, status) VALUES
  (1, '普通感冒', '鼻塞、流涕、咽痛、低热、轻微咳嗽', '持续高热、呼吸困难、胸痛、意识异常', '注意休息和补液，症状加重或超过三天建议线下就诊。', 'GENERAL', 'ENABLED'),
  (2, '急性腹泻', '腹泻、腹痛、恶心、轻度乏力', '便血、严重脱水、持续高热、剧烈腹痛', '补液和清淡饮食，出现危险信号时及时就医。', 'GENERAL', 'ENABLED'),
  (3, '胸痛待查', '胸痛、胸闷、心悸、活动后气短', '压榨样胸痛、出冷汗、晕厥、持续不缓解', '出现危险信号时立即急诊；普通胸闷建议心内科评估。', 'CARDIOLOGY', 'ENABLED'),
  (4, '急性咳嗽', '咳嗽、咽痒、少量白痰', '咯血、呼吸困难、高热不退、血氧下降', '保持饮水和休息，若持续超过一周或伴危险信号建议呼吸内科就诊。', 'RESPIRATORY', 'ENABLED')
ON CONFLICT (id) DO NOTHING;

INSERT INTO system_dict (id, dict_type, dict_key, dict_value, sort, status) VALUES
  (1, 'REGISTRATION_STATUS', 'CREATED', '已预约', 1, 'ENABLED'),
  (2, 'REGISTRATION_STATUS', 'CANCELLED', '已取消', 2, 'ENABLED'),
  (3, 'TRIAGE_STATUS', 'AI_RECOMMENDED', 'AI 已推荐', 1, 'ENABLED'),
  (4, 'TRIAGE_STATUS', 'ASSIGNED', '已分配医生', 2, 'ENABLED'),
  (5, 'TRIAGE_STATUS', 'CLOSED', '已关闭', 3, 'ENABLED')
ON CONFLICT (id) DO NOTHING;

INSERT INTO doctor_schedule (id, doctor_id, department_id, work_date, time_range, capacity, status) VALUES
  (1, 2, 2, CURRENT_DATE + 1, '09:00-12:00', 12, 'PUBLISHED'),
  (2, 1, 1, CURRENT_DATE + 1, '14:00-17:00', 8, 'PUBLISHED'),
  (3, 3, 3, CURRENT_DATE + 2, '09:00-12:00', 10, 'PUBLISHED')
ON CONFLICT (id) DO NOTHING;

INSERT INTO appointment_slot (id, schedule_id, doctor_id, department_id, start_time, end_time, capacity, remaining_capacity, status) VALUES
  (1, 1, 2, 2, CURRENT_DATE + INTERVAL '1 day 9 hours', CURRENT_DATE + INTERVAL '1 day 12 hours', 12, 12, 'AVAILABLE'),
  (2, 2, 1, 1, CURRENT_DATE + INTERVAL '1 day 14 hours', CURRENT_DATE + INTERVAL '1 day 17 hours', 8, 8, 'AVAILABLE'),
  (3, 3, 3, 3, CURRENT_DATE + INTERVAL '2 day 9 hours', CURRENT_DATE + INTERVAL '2 day 12 hours', 10, 10, 'AVAILABLE')
ON CONFLICT (id) DO NOTHING;

SELECT setval(pg_get_serial_sequence('department', 'id'), COALESCE((SELECT MAX(id) FROM department), 1));
SELECT setval(pg_get_serial_sequence('doctor', 'id'), COALESCE((SELECT MAX(id) FROM doctor), 1));
SELECT setval(pg_get_serial_sequence('patient', 'id'), COALESCE((SELECT MAX(id) FROM patient), 1));
SELECT setval(pg_get_serial_sequence('admin_user', 'id'), COALESCE((SELECT MAX(id) FROM admin_user), 1));
SELECT setval(pg_get_serial_sequence('drug', 'id'), COALESCE((SELECT MAX(id) FROM drug), 1));
SELECT setval(pg_get_serial_sequence('prompt_template', 'id'), COALESCE((SELECT MAX(id) FROM prompt_template), 1));
SELECT setval(pg_get_serial_sequence('knowledge_entry', 'id'), COALESCE((SELECT MAX(id) FROM knowledge_entry), 1));
SELECT setval(pg_get_serial_sequence('system_dict', 'id'), COALESCE((SELECT MAX(id) FROM system_dict), 1));
SELECT setval(pg_get_serial_sequence('doctor_schedule', 'id'), COALESCE((SELECT MAX(id) FROM doctor_schedule), 1));
SELECT setval(pg_get_serial_sequence('appointment_slot', 'id'), COALESCE((SELECT MAX(id) FROM appointment_slot), 1));
SELECT setval(pg_get_serial_sequence('ai_schedule_suggestion', 'id'), COALESCE((SELECT MAX(id) FROM ai_schedule_suggestion), 1));

CREATE TABLE IF NOT EXISTS medical_device (
  id BIGSERIAL PRIMARY KEY,
  device_code VARCHAR(64) NOT NULL UNIQUE,
  name VARCHAR(120) NOT NULL,
  category VARCHAR(80),
  department_id BIGINT,
  location VARCHAR(160),
  status VARCHAR(32) NOT NULL DEFAULT 'AVAILABLE',
  purchase_date DATE,
  last_maintenance_at TIMESTAMP,
  remark TEXT,
  created_at TIMESTAMP DEFAULT CURRENT_TIMESTAMP,
  updated_at TIMESTAMP DEFAULT CURRENT_TIMESTAMP
);

CREATE TABLE IF NOT EXISTS device_usage_record (
  id BIGSERIAL PRIMARY KEY,
  device_id BIGINT NOT NULL,
  usage_type VARCHAR(32) NOT NULL,
  used_by VARCHAR(120),
  patient_id BIGINT,
  started_at TIMESTAMP,
  ended_at TIMESTAMP,
  result_status VARCHAR(32) NOT NULL DEFAULT 'NORMAL',
  remark TEXT,
  created_at TIMESTAMP DEFAULT CURRENT_TIMESTAMP,
  updated_at TIMESTAMP DEFAULT CURRENT_TIMESTAMP
);

CREATE TABLE IF NOT EXISTS role_permission (
  id BIGSERIAL PRIMARY KEY,
  role VARCHAR(32) NOT NULL,
  permission_key VARCHAR(120) NOT NULL,
  enabled BOOLEAN NOT NULL DEFAULT TRUE,
  created_at TIMESTAMP DEFAULT CURRENT_TIMESTAMP,
  updated_at TIMESTAMP DEFAULT CURRENT_TIMESTAMP,
  CONSTRAINT uk_role_permission UNIQUE (role, permission_key)
);

CREATE TABLE IF NOT EXISTS patient_site_config (
  id BIGSERIAL PRIMARY KEY,
  config_key VARCHAR(80) NOT NULL,
  config_json TEXT NOT NULL,
  status VARCHAR(32) NOT NULL DEFAULT 'DRAFT',
  version INTEGER NOT NULL DEFAULT 1,
  remark VARCHAR(255),
  created_by BIGINT,
  updated_by BIGINT,
  created_at TIMESTAMP DEFAULT CURRENT_TIMESTAMP,
  updated_at TIMESTAMP DEFAULT CURRENT_TIMESTAMP,
  CONSTRAINT uk_patient_site_config_key_status_version UNIQUE (config_key, status, version)
);

CREATE TABLE IF NOT EXISTS system_email_config (
  id BIGSERIAL PRIMARY KEY,
  config_key VARCHAR(40) NOT NULL DEFAULT 'SMTP',
  host VARCHAR(255) NOT NULL DEFAULT '',
  port INT NOT NULL DEFAULT 465,
  username VARCHAR(255) NOT NULL DEFAULT '',
  password_cipher TEXT,
  from_address VARCHAR(255) NOT NULL DEFAULT '',
  from_name VARCHAR(120) NOT NULL DEFAULT '',
  ssl_enabled BOOLEAN NOT NULL DEFAULT TRUE,
  starttls_enabled BOOLEAN NOT NULL DEFAULT FALSE,
  enabled BOOLEAN NOT NULL DEFAULT FALSE,
  created_by BIGINT,
  updated_by BIGINT,
  created_at TIMESTAMP DEFAULT CURRENT_TIMESTAMP,
  updated_at TIMESTAMP DEFAULT CURRENT_TIMESTAMP,
  CONSTRAINT uk_system_email_config_key UNIQUE (config_key)
);

CREATE TABLE IF NOT EXISTS patient_notice (
  id BIGSERIAL PRIMARY KEY,
  title VARCHAR(120) NOT NULL,
  content TEXT NOT NULL,
  link_type VARCHAR(32) DEFAULT 'NONE',
  link_url VARCHAR(500),
  start_time TIMESTAMP,
  end_time TIMESTAMP,
  pinned BOOLEAN NOT NULL DEFAULT FALSE,
  sort INTEGER NOT NULL DEFAULT 0,
  status VARCHAR(20) NOT NULL DEFAULT 'ENABLED',
  deleted BOOLEAN NOT NULL DEFAULT FALSE,
  created_by BIGINT,
  updated_by BIGINT,
  created_at TIMESTAMP DEFAULT CURRENT_TIMESTAMP,
  updated_at TIMESTAMP DEFAULT CURRENT_TIMESTAMP
);

CREATE TABLE IF NOT EXISTS patient_recommendation (
  id BIGSERIAL PRIMARY KEY,
  recommend_type VARCHAR(32) NOT NULL,
  target_id BIGINT NOT NULL,
  title VARCHAR(120),
  description VARCHAR(500),
  image_url VARCHAR(500),
  image_object_key VARCHAR(500),
  sort INTEGER NOT NULL DEFAULT 0,
  status VARCHAR(20) NOT NULL DEFAULT 'ENABLED',
  deleted BOOLEAN NOT NULL DEFAULT FALSE,
  created_by BIGINT,
  updated_by BIGINT,
  created_at TIMESTAMP DEFAULT CURRENT_TIMESTAMP,
  updated_at TIMESTAMP DEFAULT CURRENT_TIMESTAMP
);

ALTER TABLE doctor_schedule ADD COLUMN IF NOT EXISTS updated_at TIMESTAMP DEFAULT CURRENT_TIMESTAMP;
ALTER TABLE appointment_slot ADD COLUMN IF NOT EXISTS updated_at TIMESTAMP DEFAULT CURRENT_TIMESTAMP;
ALTER TABLE patient ADD COLUMN IF NOT EXISTS updated_at TIMESTAMP DEFAULT CURRENT_TIMESTAMP;
ALTER TABLE patient ADD COLUMN IF NOT EXISTS email VARCHAR(120);

CREATE INDEX IF NOT EXISTS idx_device_department_status ON medical_device(department_id, status);
CREATE INDEX IF NOT EXISTS idx_device_usage_device_time ON device_usage_record(device_id, started_at);
CREATE INDEX IF NOT EXISTS idx_role_permission_role ON role_permission(role, enabled);
CREATE INDEX IF NOT EXISTS idx_patient_site_config_key_status ON patient_site_config(config_key, status);
CREATE INDEX IF NOT EXISTS idx_patient_site_config_key_version ON patient_site_config(config_key, version DESC);
CREATE INDEX IF NOT EXISTS idx_patient_site_config_key_status_version ON patient_site_config(config_key, status, version DESC);
CREATE INDEX IF NOT EXISTS idx_patient_notice_public ON patient_notice(status, deleted, pinned, sort);
CREATE INDEX IF NOT EXISTS idx_patient_notice_window ON patient_notice(start_time, end_time);
CREATE INDEX IF NOT EXISTS idx_patient_notice_updated ON patient_notice(deleted, updated_at DESC);
CREATE INDEX IF NOT EXISTS idx_patient_recommendation_public ON patient_recommendation(recommend_type, status, deleted, sort);
CREATE INDEX IF NOT EXISTS idx_patient_recommendation_target ON patient_recommendation(target_id);
CREATE INDEX IF NOT EXISTS idx_patient_recommendation_updated ON patient_recommendation(deleted, updated_at DESC);
CREATE INDEX IF NOT EXISTS idx_patient_name_phone ON patient(name, phone);
CREATE UNIQUE INDEX IF NOT EXISTS uk_patient_email ON patient(email) WHERE email IS NOT NULL;
CREATE INDEX IF NOT EXISTS idx_registration_status_time ON registration(status, appointment_time);
CREATE INDEX IF NOT EXISTS idx_registration_department_time ON registration(department_id, appointment_time);

INSERT INTO role_permission (role, permission_key, enabled) VALUES
  ('ADMIN', 'dashboard:view', TRUE),
  ('ADMIN', 'department:manage', TRUE),
  ('ADMIN', 'doctor:manage', TRUE),
  ('ADMIN', 'drug:manage', TRUE),
  ('ADMIN', 'schedule:manage', TRUE),
  ('ADMIN', 'triage:manage', TRUE),
  ('ADMIN', 'device:manage', TRUE),
  ('ADMIN', 'patient:manage', TRUE),
  ('ADMIN', 'statistics:view', TRUE),
  ('ADMIN', 'statistics:export', TRUE),
  ('ADMIN', 'account:manage', TRUE),
  ('ADMIN', 'permission:manage', TRUE),
  ('ADMIN', 'knowledge:manage', TRUE),
  ('ADMIN', 'prompt:manage', TRUE),
  ('ADMIN', 'dict:manage', TRUE),
  ('ADMIN', 'patient-site:manage', TRUE),
  ('ADMIN', 'system-config:manage', TRUE),
  ('ADMIN', 'search:view', TRUE),
  ('DOCTOR', 'doctor-dashboard:view', TRUE),
  ('DOCTOR', 'doctor-schedule:view', TRUE),
  ('DOCTOR', 'doctor-consult:manage', TRUE),
  ('PATIENT', 'patient-portal:view', TRUE)
ON CONFLICT (role, permission_key) DO NOTHING;

SELECT setval(pg_get_serial_sequence('medical_device', 'id'), COALESCE((SELECT MAX(id) FROM medical_device), 1));
SELECT setval(pg_get_serial_sequence('device_usage_record', 'id'), COALESCE((SELECT MAX(id) FROM device_usage_record), 1));
SELECT setval(pg_get_serial_sequence('role_permission', 'id'), COALESCE((SELECT MAX(id) FROM role_permission), 1));
SELECT setval(pg_get_serial_sequence('patient_site_config', 'id'), COALESCE((SELECT MAX(id) FROM patient_site_config), 1));
SELECT setval(pg_get_serial_sequence('system_email_config', 'id'), COALESCE((SELECT MAX(id) FROM system_email_config), 1));
SELECT setval(pg_get_serial_sequence('patient_notice', 'id'), COALESCE((SELECT MAX(id) FROM patient_notice), 1));
SELECT setval(pg_get_serial_sequence('patient_recommendation', 'id'), COALESCE((SELECT MAX(id) FROM patient_recommendation), 1));
