-- ============================================================
-- 智慧云脑诊疗平台 — 种子数据扩充 V3
-- 目标：补齐现有患者 + 科室/医生/药品扩充 + 业务数据翻倍
-- 执行：docker exec -i scb-kingbase ksql -U scb -d smart_cloud_brain < sql/V8__seed_expansion_v3.sql
-- 幂等：所有 INSERT 使用 ON CONFLICT DO NOTHING
-- ============================================================

-- ─── 1. 补齐现有患者缺失字段 ───
UPDATE patient SET blood_type='O', height_cm=175, weight_kg=68.00, allergy_history='无', past_history='无特殊既往史', address='北京市海淀区知春路1号', emergency_contact='吴母', emergency_phone='13600000002', email='wuhao_test@163.com' WHERE id=2;
UPDATE patient SET blood_type='A', height_cm=163, weight_kg=52.00, address='北京市朝阳区三里屯路10号', emergency_contact='王父', emergency_phone='13600000003', email='wangfang_test@163.com' WHERE id=3;
UPDATE patient SET blood_type='O', height_cm=170, weight_kg=75.00, address='北京市西城区西单北大街1号', emergency_contact='赵妻', emergency_phone='13600000004', email='zhaoqiang_test@163.com' WHERE id=4;
UPDATE patient SET blood_type='B', height_cm=165, weight_kg=55.00, address='北京市东城区东直门内大街1号', emergency_contact='陈母', emergency_phone='13600000005', email='chenli_test@163.com' WHERE id=5;
UPDATE patient SET emergency_contact='赵伟', emergency_phone='13700000014', email='patient14@126.com' WHERE id=14;
UPDATE patient SET emergency_contact='周鹏', emergency_phone='13700000015', email='patient15@163.com' WHERE id=15;
UPDATE patient SET emergency_contact='刘军', emergency_phone='13700000016', email='patient16@126.com' WHERE id=16;
UPDATE patient SET emergency_contact='何磊', emergency_phone='13700000017', email='patient17@126.com' WHERE id=17;
UPDATE patient SET emergency_contact='朱强', emergency_phone='13700000018', email='patient18@163.com' WHERE id=18;
UPDATE patient SET emergency_contact='李涛', emergency_phone='13700000019', email='patient19@163.com' WHERE id=19;
UPDATE patient SET emergency_contact='郭龙', emergency_phone='13700000020', email='patient20@163.com' WHERE id=20;
UPDATE patient SET emergency_contact='何涛', emergency_phone='13700000021', email='patient21@126.com' WHERE id=21;
UPDATE patient SET emergency_contact='何斌', emergency_phone='13700000022', email='patient22@163.com' WHERE id=22;
UPDATE patient SET emergency_contact='胡鑫', emergency_phone='13700000023', email='patient23@qq.com' WHERE id=23;
UPDATE patient SET emergency_contact='张刚', emergency_phone='13700000024', email='patient24@126.com' WHERE id=24;
UPDATE patient SET emergency_contact='朱亮', emergency_phone='13700000025', email='patient25@qq.com' WHERE id=25;
UPDATE patient SET emergency_contact='刘涛', emergency_phone='13700000026', email='patient26@qq.com' WHERE id=26;
UPDATE patient SET emergency_contact='赵磊', emergency_phone='13700000027', email='patient27@qq.com' WHERE id=27;
UPDATE patient SET emergency_contact='赵勇', emergency_phone='13700000028', email='patient28@qq.com' WHERE id=28;
UPDATE patient SET emergency_contact='罗飞', emergency_phone='13700000029', email='patient29@163.com' WHERE id=29;
UPDATE patient SET emergency_contact='胡超', emergency_phone='13700000030', email='patient30@163.com' WHERE id=30;
UPDATE patient SET emergency_contact='马磊', emergency_phone='13700000031', email='patient31@126.com' WHERE id=31;
UPDATE patient SET emergency_contact='吴龙', emergency_phone='13700000032', email='patient32@qq.com' WHERE id=32;
UPDATE patient SET emergency_contact='高涛', emergency_phone='13700000033', email='patient33@126.com' WHERE id=33;
UPDATE patient SET emergency_contact='李强', emergency_phone='13700000034', email='patient34@126.com' WHERE id=34;
UPDATE patient SET emergency_contact='黄峰', emergency_phone='13700000035', email='patient35@163.com' WHERE id=35;
UPDATE patient SET emergency_contact='黄军', emergency_phone='13700000036', email='patient36@qq.com' WHERE id=36;
UPDATE patient SET emergency_contact='周波', emergency_phone='13700000037', email='patient37@126.com' WHERE id=37;
UPDATE patient SET emergency_contact='孙刚', emergency_phone='13700000038', email='patient38@qq.com' WHERE id=38;
UPDATE patient SET emergency_contact='孙涛', emergency_phone='13700000039', email='patient39@126.com' WHERE id=39;
UPDATE patient SET emergency_contact='周磊', emergency_phone='13700000040', email='patient40@126.com' WHERE id=40;

-- ─── 2. 新增科室（5 → 15）───
INSERT INTO department (id, code, name, description) VALUES
(6, 'ORTHO', '骨科', '骨折、关节疾病、脊柱疾病、运动损伤'),
(7, 'UROLOGY', '泌尿外科', '肾结石、前列腺疾病、泌尿系感染'),
(8, 'OBGYN', '妇产科', '妇科炎症、月经不调、产前检查'),
(9, 'PEDIA', '儿科', '小儿感冒、发热、腹泻、生长发育'),
(10, 'DERMATO', '皮肤科', '过敏性皮炎、湿疹、真菌感染、痤疮'),
(11, 'OPHTHAL', '眼科', '近视、白内障、青光眼、结膜炎'),
(12, 'ENT', '耳鼻喉科', '鼻炎、中耳炎、扁桃体炎、咽炎'),
(13, 'DENTAL', '口腔科', '龋齿、牙周病、口腔溃疡'),
(14, 'TCM', '中医科', '中医内科、针灸推拿、中医调理'),
(15, 'EMERGENCY', '急诊科', '急性创伤、急性腹痛、心脑血管急症')
ON CONFLICT (id) DO NOTHING;

-- ─── 3. 新增医生（7 → 20）───
INSERT INTO doctor (id, name, phone, password_hash, department_id, title, specialty, status) VALUES
(8, '吴明辉', '13900000008', '{sha256}8d969eef6ecad3c29a3a629280e686cf0c3f5d5a86aff3ca12020c923adc6c92', 1, '副主任医师', '冠心病介入治疗、心律失常', 'ACTIVE'),
(9, '郑大伟', '13900000009', '{sha256}8d969eef6ecad3c29a3a629280e686cf0c3f5d5a86aff3ca12020c923adc6c92', 6, '主任医师', '骨折微创手术、关节置换', 'ACTIVE'),
(10, '王丽萍', '13900000010', '{sha256}8d969eef6ecad3c29a3a629280e686cf0c3f5d5a86aff3ca12020c923adc6c92', 6, '主治医师', '骨质疏松、颈肩腰腿痛', 'ACTIVE'),
(11, '赵志强', '13900000011', '{sha256}8d969eef6ecad3c29a3a629280e686cf0c3f5d5a86aff3ca12020c923adc6c92', 7, '副主任医师', '前列腺增生、肾结石微创', 'ACTIVE'),
(12, '陈晓红', '13900000012', '{sha256}8d969eef6ecad3c29a3a629280e686cf0c3f5d5a86aff3ca12020c923adc6c92', 8, '主任医师', '高危妊娠、妇科肿瘤', 'ACTIVE'),
(13, '林小芳', '13900000013', '{sha256}8d969eef6ecad3c29a3a629280e686cf0c3f5d5a86aff3ca12020c923adc6c92', 8, '主治医师', '月经不调、不孕不育', 'ACTIVE'),
(14, '张伟杰', '13900000014', '{sha256}8d969eef6ecad3c29a3a629280e686cf0c3f5d5a86aff3ca12020c923adc6c92', 9, '副主任医师', '小儿呼吸道感染、过敏性疾病', 'ACTIVE'),
(15, '刘美玲', '13900000015', '{sha256}8d969eef6ecad3c29a3a629280e686cf0c3f5d5a86aff3ca12020c923adc6c92', 10, '主治医师', '湿疹、痤疮、真菌感染', 'ACTIVE'),
(16, '杨建民', '13900000016', '{sha256}8d969eef6ecad3c29a3a629280e686cf0c3f5d5a86aff3ca12020c923adc6c92', 11, '副主任医师', '白内障手术、青光眼', 'ACTIVE'),
(17, '黄海涛', '13900000017', '{sha256}8d969eef6ecad3c29a3a629280e686cf0c3f5d5a86aff3ca12020c923adc6c92', 12, '主治医师', '慢性鼻炎、扁桃体肥大', 'ACTIVE'),
(18, '周文斌', '13900000018', '{sha256}8d969eef6ecad3c29a3a629280e686cf0c3f5d5a86aff3ca12020c923adc6c92', 13, '主治医师', '龋齿修复、牙周治疗', 'ACTIVE'),
(19, '孙德明', '13900000019', '{sha256}8d969eef6ecad3c29a3a629280e686cf0c3f5d5a86aff3ca12020c923adc6c92', 14, '副主任医师', '中医内科、脾胃调理', 'ACTIVE'),
(20, '李国强', '13900000020', '{sha256}8d969eef6ecad3c29a3a629280e686cf0c3f5d5a86aff3ca12020c923adc6c92', 15, '主治医师', '急性创伤处理、中毒急救', 'ACTIVE')
ON CONFLICT (id) DO NOTHING;

-- ─── 4. 新增药品（30 → 60）───
INSERT INTO drug (id, name, specification, contraindication, interaction_rule, status) VALUES
(31, '双氯芬酸钠缓释片', '75mg*10片', '消化道溃疡', 'NSAIDs联用增加出血风险', 'ENABLED'),
(32, '氨基葡萄糖胶囊', '0.75g*20粒', '无', '无明显交互', 'ENABLED'),
(33, '碳酸钙D3片', '600mg*60片', '高钙血症', '与铁剂间隔2小时服用', 'ENABLED'),
(34, '塞来昔布胶囊', '200mg*6粒', '磺胺过敏', '与华法林合用增加出血风险', 'ENABLED'),
(35, '左氧氟沙星片', '0.5g*6片', '喹诺酮过敏', '避免与含铝镁抗酸药同服', 'ENABLED'),
(36, '坦索罗辛缓释胶囊', '0.2mg*7粒', '无', '与PDE5抑制剂合用可致低血压', 'ENABLED'),
(37, '非那雄胺片', '5mg*10片', '女性禁用', '与PDE5抑制剂合用需谨慎', 'ENABLED'),
(38, '三金片', '0.8g*72片', '无', '无明显交互', 'ENABLED'),
(39, '黄体酮胶囊', '0.1g*12粒', '肝功能异常', '与苯巴比妥合用降低疗效', 'ENABLED'),
(40, '叶酸片', '0.4mg*31片', '无', '与甲氨蝶呤拮抗', 'ENABLED'),
(41, '甲硝唑栓', '0.5g*7枚', '哺乳期禁用', '饮酒可致双硫仑样反应', 'ENABLED'),
(42, '戊酸雌二醇片', '1mg*21片', '乳腺癌禁用', '与利福平合用降低疗效', 'ENABLED'),
(43, '小儿氨酚黄那敏颗粒', '10袋', '无', '避免与其他含对乙酰氨基酚药合用', 'ENABLED'),
(44, '布洛芬混悬液', '100ml:2g', '阿司匹林哮喘', '与抗凝药合用增加出血', 'ENABLED'),
(45, '蒙脱石散（儿童）', '3g*10袋', '无', '与其他药间隔2小时', 'ENABLED'),
(46, '阿莫西林颗粒', '0.125g*12袋', '青霉素过敏', '与丙磺舒合用增加血药浓度', 'ENABLED'),
(47, '酮康唑乳膏', '2%*15g', '肝病患者', '与特非那定合用致心律失常', 'ENABLED'),
(48, '莫匹罗星软膏', '2%*5g', '无', '与聚乙二醇合用增加吸收', 'ENABLED'),
(49, '卤米松乳膏', '0.05%*15g', '病毒感染皮肤', '不宜大面积长期使用', 'ENABLED'),
(50, '依巴斯汀片', '10mg*10片', 'QT间期延长', '与酮康唑合用增加心律失常风险', 'ENABLED'),
(51, '左氧氟沙星滴眼液', '5ml:15mg', '喹诺酮过敏', '佩戴隐形眼镜期间禁用', 'ENABLED'),
(52, '玻璃酸钠滴眼液', '0.3ml*10支', '无', '与眼部其他滴眼液间隔10分钟', 'ENABLED'),
(53, '妥布霉素滴眼液', '5ml:15mg', '氨基糖苷过敏', '不宜长期使用', 'ENABLED'),
(54, '布地奈德鼻喷剂', '64ug*120喷', '鼻部真菌感染', '与酮康唑合用增加全身副作用', 'ENABLED'),
(55, '桉柠蒎肠溶胶囊', '0.3g*10粒', '无', '宜饭前服用', 'ENABLED'),
(56, '氯雷他定糖浆', '60ml', '无', '与大环内酯类合用延长QT', 'ENABLED'),
(57, '甲硝唑口颊片', '3mg*20片', '血液疾病', '饮酒可致双硫仑样反应', 'ENABLED'),
(58, '复方氯己定含漱液', '200ml', '口腔黏膜溃疡', '与含碘漱口水间隔使用', 'ENABLED'),
(59, '连花清瘟胶囊', '0.35g*48粒', '风寒感冒不宜', '不宜与滋补性中药同服', 'ENABLED'),
(60, '藿香正气液', '10ml*6支', '酒精过敏者', '不宜与头孢类同服', 'ENABLED')
ON CONFLICT (id) DO NOTHING;

-- ─── 5. 新增患者（41 → 80，40人）───
INSERT INTO patient (id, name, phone, password_hash, gender, age, allergy_history, past_history, address, blood_type, height_cm, weight_kg, emergency_contact, emergency_phone, email) VALUES
(41, '李建国', '13800000041', '{sha256}8d969eef6ecad3c29a3a629280e686cf0c3f5d5a86aff3ca12020c923adc6c92', 'MALE', 74, '青霉素过敏', '甲状腺功能减退', '青岛市市南区香港中路76号', 'B', 185, 65.00, '李飞', '13600000041', 'patient41@126.com'),
(42, '王芳', '13800000042', '{sha256}8d969eef6ecad3c29a3a629280e686cf0c3f5d5a86aff3ca12020c923adc6c92', 'FEMALE', 47, '花粉过敏', '无特殊既往史', '重庆市渝中区解放碑民权路27号', 'A', 172, 52.00, '王慧', '13600000042', 'patient42@qq.com'),
(43, '王志强', '13800000043', '{sha256}8d969eef6ecad3c29a3a629280e686cf0c3f5d5a86aff3ca12020c923adc6c92', 'MALE', 78, '磺胺类过敏', '高血压合并高血脂', '青岛市市南区香港中路76号', 'O', 167, 66.00, '王波', '13600000043', 'patient43@163.com'),
(44, '陈丽', '13800000044', '{sha256}8d969eef6ecad3c29a3a629280e686cf0c3f5d5a86aff3ca12020c923adc6c92', 'FEMALE', 37, '海鲜过敏', '过敏性鼻炎', '济南市历下区泉城路168号', 'O', 163, 49.00, '陈慧', '13600000044', 'patient44@qq.com'),
(45, '张伟', '13800000045', '{sha256}8d969eef6ecad3c29a3a629280e686cf0c3f5d5a86aff3ca12020c923adc6c92', 'MALE', 71, '无', '无特殊既往史', '广州市天河区天河路385号', 'AB', 172, 64.00, '张明', '13600000045', 'patient45@126.com'),
(46, '张敏', '13800000046', '{sha256}8d969eef6ecad3c29a3a629280e686cf0c3f5d5a86aff3ca12020c923adc6c92', 'FEMALE', 60, '尘螨过敏', '偏头痛病史5年', '福州市鼓楼区八一七路1号', 'A', 160, 70.00, '张燕', '13600000046', 'patient46@126.com'),
(47, '刘洋', '13800000047', '{sha256}8d969eef6ecad3c29a3a629280e686cf0c3f5d5a86aff3ca12020c923adc6c92', 'MALE', 7, '花粉过敏', '糖尿病8年', '重庆市渝中区解放碑民权路27号', 'A', 173, 77.00, '刘军', '13600000047', 'patient47@qq.com'),
(48, '刘静', '13800000048', '{sha256}8d969eef6ecad3c29a3a629280e686cf0c3f5d5a86aff3ca12020c923adc6c92', 'FEMALE', 64, '海鲜过敏', '脑梗塞后遗症', '杭州市西湖区文三路478号', 'A', 168, 50.00, '刘蓉', '13600000048', 'patient48@163.com'),
(49, '陈明', '13800000049', '{sha256}8d969eef6ecad3c29a3a629280e686cf0c3f5d5a86aff3ca12020c923adc6c92', 'MALE', 70, '无', '慢性胃炎3年', '杭州市西湖区文三路478号', 'B', 185, 69.00, '陈超', '13600000049', 'patient49@126.com'),
(50, '赵红', '13800000050', '{sha256}8d969eef6ecad3c29a3a629280e686cf0c3f5d5a86aff3ca12020c923adc6c92', 'FEMALE', 47, '无', '无特殊既往史', '苏州市姑苏区人民路1028号', 'AB', 155, 64.00, '赵玲', '13600000050', 'patient50@163.com'),
(51, '赵军', '13800000051', '{sha256}8d969eef6ecad3c29a3a629280e686cf0c3f5d5a86aff3ca12020c923adc6c92', 'MALE', 78, '无', '高血压合并高血脂', '上海市浦东新区陆家嘴环路100号', 'A', 166, 67.00, '赵超', '13600000051', 'patient51@163.com'),
(52, '周丽', '13800000052', '{sha256}8d969eef6ecad3c29a3a629280e686cf0c3f5d5a86aff3ca12020c923adc6c92', 'FEMALE', 66, '海鲜过敏', '脑梗塞后遗症', '福州市鼓楼区八一七路1号', 'B', 159, 66.00, '周琳', '13600000052', 'patient52@163.com'),
(53, '周强', '13800000053', '{sha256}8d969eef6ecad3c29a3a629280e686cf0c3f5d5a86aff3ca12020c923adc6c92', 'MALE', 31, '尘螨过敏', '慢性胃炎3年', '宁波市海曙区中山西路2号', 'O', 182, 84.00, '周博', '13600000053', 'patient53@qq.com'),
(54, '吴芳', '13800000054', '{sha256}8d969eef6ecad3c29a3a629280e686cf0c3f5d5a86aff3ca12020c923adc6c92', 'FEMALE', 34, '酒精过敏', '无特殊既往史', '济南市历下区泉城路168号', 'A', 158, 52.00, '吴洁', '13600000054', 'patient54@163.com'),
(55, '吴刚', '13800000055', '{sha256}8d969eef6ecad3c29a3a629280e686cf0c3f5d5a86aff3ca12020c923adc6c92', 'MALE', 6, '无', '糖尿病5年', '上海市浦东新区陆家嘴环路100号', 'A', 183, 67.00, '吴强', '13600000055', 'patient55@qq.com'),
(56, '孙雪', '13800000056', '{sha256}8d969eef6ecad3c29a3a629280e686cf0c3f5d5a86aff3ca12020c923adc6c92', 'FEMALE', 36, '磺胺类过敏', '高血压病史5年', '合肥市庐阳区长江中路232号', 'O', 157, 61.00, '孙娟', '13600000056', 'patient56@126.com'),
(57, '郑磊', '13800000057', '{sha256}8d969eef6ecad3c29a3a629280e686cf0c3f5d5a86aff3ca12020c923adc6c92', 'MALE', 66, '磺胺类过敏', '过敏性鼻炎', '成都市武侯区人民南路四段1号', 'B', 183, 78.00, '郑军', '13600000057', 'patient57@163.com'),
(58, '郑丽', '13800000058', '{sha256}8d969eef6ecad3c29a3a629280e686cf0c3f5d5a86aff3ca12020c923adc6c92', 'FEMALE', 60, '金属过敏', '无特殊既往史', '广州市天河区天河路385号', 'AB', 168, 56.00, '郑丽', '13600000058', 'patient58@qq.com'),
(59, '孙涛', '13800000059', '{sha256}8d969eef6ecad3c29a3a629280e686cf0c3f5d5a86aff3ca12020c923adc6c92', 'MALE', 19, '磺胺类过敏', '高血压病史5年', '合肥市庐阳区长江中路232号', 'B', 175, 85.00, '孙波', '13600000059', 'patient59@163.com'),
(60, '黄丽', '13800000060', '{sha256}8d969eef6ecad3c29a3a629280e686cf0c3f5d5a86aff3ca12020c923adc6c92', 'FEMALE', 41, '花粉过敏', '无特殊既往史', '宁波市海曙区中山西路2号', 'AB', 168, 50.00, '黄洁', '13600000060', 'patient60@163.com'),
(61, '马俊', '13800000061', '{sha256}8d969eef6ecad3c29a3a629280e686cf0c3f5d5a86aff3ca12020c923adc6c92', 'MALE', 75, '无', '糖尿病5年', '杭州市西湖区文三路478号', 'A', 166, 80.00, '马斌', '13600000061', 'patient61@qq.com'),
(62, '林芳', '13800000062', '{sha256}8d969eef6ecad3c29a3a629280e686cf0c3f5d5a86aff3ca12020c923adc6c92', 'FEMALE', 57, '青霉素过敏', '偏头痛病史5年', '北京市朝阳区建国路88号', 'A', 170, 51.00, '林慧', '13600000062', 'patient62@qq.com'),
(63, '杨阳', '13800000063', '{sha256}8d969eef6ecad3c29a3a629280e686cf0c3f5d5a86aff3ca12020c923adc6c92', 'MALE', 60, '无', '高血压病史5年', '西安市雁塔区高新路1号', 'AB', 179, 69.00, '杨涛', '13600000063', 'patient63@163.com'),
(64, '何秀英', '13800000064', '{sha256}8d969eef6ecad3c29a3a629280e686cf0c3f5d5a86aff3ca12020c923adc6c92', 'FEMALE', 46, '无', '胆囊切除术后', '长沙市岳麓区麓山路932号', 'A', 172, 46.00, '何蓉', '13600000064', 'patient64@126.com'),
(65, '朱磊', '13800000065', '{sha256}8d969eef6ecad3c29a3a629280e686cf0c3f5d5a86aff3ca12020c923adc6c92', 'MALE', 71, '青霉素过敏', '无特殊既往史', '福州市鼓楼区八一七路1号', 'A', 170, 61.00, '朱磊', '13600000065', 'patient65@126.com'),
(66, '高敏', '13800000066', '{sha256}8d969eef6ecad3c29a3a629280e686cf0c3f5d5a86aff3ca12020c923adc6c92', 'FEMALE', 21, '海鲜过敏', '阑尾切除术后', '北京市海淀区中关村大街1号', 'B', 162, 57.00, '高倩', '13600000066', 'patient66@163.com'),
(67, '胡伟', '13800000067', '{sha256}8d969eef6ecad3c29a3a629280e686cf0c3f5d5a86aff3ca12020c923adc6c92', 'MALE', 80, '海鲜过敏', '高血压病史5年', '重庆市渝中区解放碑民权路27号', 'O', 178, 81.00, '胡鹏', '13600000067', 'patient67@qq.com'),
(68, '罗芳', '13800000068', '{sha256}8d969eef6ecad3c29a3a629280e686cf0c3f5d5a86aff3ca12020c923adc6c92', 'FEMALE', 44, '酒精过敏', '无特殊既往史', '北京市朝阳区建国路88号', 'AB', 167, 49.00, '罗燕', '13600000068', 'patient68@126.com'),
(69, '林涛', '13800000069', '{sha256}8d969eef6ecad3c29a3a629280e686cf0c3f5d5a86aff3ca12020c923adc6c92', 'MALE', 15, '青霉素过敏', '糖尿病8年', '深圳市南山区科技园路1号', 'B', 183, 63.00, '林勇', '13600000069', 'patient69@163.com'),
(70, '宋丽', '13800000070', '{sha256}8d969eef6ecad3c29a3a629280e686cf0c3f5d5a86aff3ca12020c923adc6c92', 'FEMALE', 42, '金属过敏', '帕金森病2年', '西安市雁塔区高新路1号', 'B', 162, 56.00, '宋倩', '13600000070', 'patient70@126.com'),
(71, '何建', '13800000071', '{sha256}8d969eef6ecad3c29a3a629280e686cf0c3f5d5a86aff3ca12020c923adc6c92', 'MALE', 76, '无', '无特殊既往史', '武汉市江汉区解放大道688号', 'O', 181, 60.00, '何军', '13600000071', 'patient71@163.com'),
(72, '韩丽', '13800000072', '{sha256}8d969eef6ecad3c29a3a629280e686cf0c3f5d5a86aff3ca12020c923adc6c92', 'FEMALE', 40, '头孢类过敏', '高血压病史5年', '重庆市渝中区解放碑民权路27号', 'O', 172, 49.00, '韩秀英', '13600000072', 'patient72@126.com'),
(73, '高明', '13800000073', '{sha256}8d969eef6ecad3c29a3a629280e686cf0c3f5d5a86aff3ca12020c923adc6c92', 'MALE', 39, '海鲜过敏', '无特殊既往史', '上海市浦东新区陆家嘴环路100号', 'AB', 185, 87.00, '高斌', '13600000073', 'patient73@qq.com'),
(74, '冯丽娟', '13800000074', '{sha256}8d969eef6ecad3c29a3a629280e686cf0c3f5d5a86aff3ca12020c923adc6c92', 'FEMALE', 48, '海鲜过敏', '高血压病史3年', '宁波市海曙区中山西路2号', 'B', 156, 45.00, '冯洁', '13600000074', 'patient74@126.com'),
(75, '罗刚', '13800000075', '{sha256}8d969eef6ecad3c29a3a629280e686cf0c3f5d5a86aff3ca12020c923adc6c92', 'MALE', 7, '无', '无特殊既往史', '合肥市庐阳区长江中路232号', 'A', 178, 77.00, '罗强', '13600000075', 'patient75@qq.com'),
(76, '蒋丽', '13800000076', '{sha256}8d969eef6ecad3c29a3a629280e686cf0c3f5d5a86aff3ca12020c923adc6c92', 'FEMALE', 61, '无', '冠心病2年', '苏州市姑苏区人民路1028号', 'B', 172, 49.00, '蒋丽', '13600000076', 'patient76@qq.com'),
(77, '宋磊', '13800000077', '{sha256}8d969eef6ecad3c29a3a629280e686cf0c3f5d5a86aff3ca12020c923adc6c92', 'MALE', 37, '碘过敏', '帕金森病2年', '天津市和平区南京路189号', 'A', 171, 81.00, '宋龙', '13600000077', 'patient77@126.com'),
(78, '沈雅琴', '13800000078', '{sha256}8d969eef6ecad3c29a3a629280e686cf0c3f5d5a86aff3ca12020c923adc6c92', 'FEMALE', 26, '芒果过敏', '无特殊既往史', '杭州市西湖区文三路478号', 'B', 159, 52.00, '沈莉', '13600000078', 'patient78@qq.com'),
(79, '韩冰', '13800000079', '{sha256}8d969eef6ecad3c29a3a629280e686cf0c3f5d5a86aff3ca12020c923adc6c92', 'MALE', 26, '尘螨过敏', '无特殊既往史', '长沙市岳麓区麓山路932号', 'A', 172, 68.00, '韩鹏', '13600000079', 'patient79@163.com'),
(80, '曹丽', '13800000080', '{sha256}8d969eef6ecad3c29a3a629280e686cf0c3f5d5a86aff3ca12020c923adc6c92', 'FEMALE', 45, '花粉过敏', '无特殊既往史', '成都市武侯区人民南路四段1号', 'B', 169, 56.00, '曹慧', '13600000080', 'patient80@qq.com')
ON CONFLICT (id) DO NOTHING;

-- ─── 6. 新增排班 ───
INSERT INTO doctor_schedule (id, doctor_id, department_id, work_date, time_range, capacity, status) VALUES
(189, 1, 1, '2026-07-01', '14:00-17:30', 8, 'PUBLISHED'),
(190, 1, 1, '2026-07-02', '14:00-17:30', 10, 'PUBLISHED'),
(191, 1, 1, '2026-07-07', '14:00-17:30', 12, 'PUBLISHED'),
(192, 1, 1, '2026-07-08', '14:00-17:30', 8, 'PUBLISHED'),
(193, 1, 1, '2026-07-10', '08:00-12:00', 10, 'PUBLISHED'),
(194, 1, 1, '2026-07-13', '08:00-12:00', 12, 'PUBLISHED'),
(195, 1, 1, '2026-07-14', '14:00-17:30', 8, 'PUBLISHED'),
(196, 1, 1, '2026-07-16', '08:00-12:00', 12, 'PUBLISHED'),
(197, 1, 1, '2026-07-17', '14:00-17:30', 10, 'PUBLISHED'),
(198, 1, 1, '2026-07-20', '14:00-17:30', 10, 'PUBLISHED'),
(199, 2, 2, '2026-07-01', '08:00-12:00', 10, 'PUBLISHED'),
(200, 2, 2, '2026-07-03', '08:00-12:00', 10, 'PUBLISHED'),
(201, 2, 2, '2026-07-06', '08:00-12:00', 12, 'PUBLISHED'),
(202, 2, 2, '2026-07-07', '14:00-17:30', 8, 'PUBLISHED'),
(203, 2, 2, '2026-07-09', '08:00-12:00', 10, 'PUBLISHED'),
(204, 2, 2, '2026-07-10', '14:00-17:30', 8, 'PUBLISHED'),
(205, 2, 2, '2026-07-13', '14:00-17:30', 12, 'PUBLISHED'),
(206, 2, 2, '2026-07-15', '14:00-17:30', 12, 'PUBLISHED'),
(207, 2, 2, '2026-07-16', '08:00-12:00', 12, 'PUBLISHED'),
(208, 2, 2, '2026-07-21', '14:00-17:30', 12, 'PUBLISHED'),
(209, 3, 3, '2026-07-02', '14:00-17:30', 12, 'PUBLISHED'),
(210, 3, 3, '2026-07-03', '14:00-17:30', 10, 'PUBLISHED'),
(211, 3, 3, '2026-07-06', '14:00-17:30', 12, 'PUBLISHED'),
(212, 3, 3, '2026-07-08', '14:00-17:30', 12, 'PUBLISHED'),
(213, 3, 3, '2026-07-09', '08:00-12:00', 8, 'PUBLISHED'),
(214, 3, 3, '2026-07-14', '14:00-17:30', 12, 'PUBLISHED'),
(215, 3, 3, '2026-07-15', '14:00-17:30', 12, 'PUBLISHED'),
(216, 3, 3, '2026-07-17', '08:00-12:00', 12, 'PUBLISHED'),
(217, 3, 3, '2026-07-20', '14:00-17:30', 10, 'PUBLISHED'),
(218, 3, 3, '2026-07-21', '08:00-12:00', 10, 'PUBLISHED'),
(219, 4, 4, '2026-07-01', '14:00-17:30', 8, 'PUBLISHED'),
(220, 4, 4, '2026-07-02', '14:00-17:30', 12, 'PUBLISHED'),
(221, 4, 4, '2026-07-07', '14:00-17:30', 10, 'PUBLISHED'),
(222, 4, 4, '2026-07-08', '14:00-17:30', 10, 'PUBLISHED'),
(223, 4, 4, '2026-07-10', '08:00-12:00', 12, 'PUBLISHED'),
(224, 4, 4, '2026-07-13', '14:00-17:30', 12, 'PUBLISHED'),
(225, 4, 4, '2026-07-14', '08:00-12:00', 12, 'PUBLISHED'),
(226, 4, 4, '2026-07-16', '08:00-12:00', 10, 'PUBLISHED'),
(227, 4, 4, '2026-07-17', '14:00-17:30', 8, 'PUBLISHED'),
(228, 4, 4, '2026-07-20', '08:00-12:00', 12, 'PUBLISHED'),
(229, 5, 4, '2026-07-01', '14:00-17:30', 8, 'PUBLISHED'),
(230, 5, 4, '2026-07-03', '08:00-12:00', 8, 'PUBLISHED'),
(231, 5, 4, '2026-07-06', '08:00-12:00', 8, 'PUBLISHED'),
(232, 5, 4, '2026-07-07', '08:00-12:00', 10, 'PUBLISHED'),
(233, 5, 4, '2026-07-09', '08:00-12:00', 10, 'PUBLISHED'),
(234, 5, 4, '2026-07-10', '14:00-17:30', 12, 'PUBLISHED'),
(235, 5, 4, '2026-07-13', '08:00-12:00', 12, 'PUBLISHED'),
(236, 5, 4, '2026-07-15', '14:00-17:30', 10, 'PUBLISHED'),
(237, 5, 4, '2026-07-16', '14:00-17:30', 8, 'PUBLISHED'),
(238, 5, 4, '2026-07-21', '08:00-12:00', 12, 'PUBLISHED'),
(239, 6, 5, '2026-07-02', '08:00-12:00', 8, 'PUBLISHED'),
(240, 6, 5, '2026-07-03', '14:00-17:30', 8, 'PUBLISHED'),
(241, 6, 5, '2026-07-06', '08:00-12:00', 12, 'PUBLISHED'),
(242, 6, 5, '2026-07-08', '14:00-17:30', 8, 'PUBLISHED'),
(243, 6, 5, '2026-07-09', '08:00-12:00', 8, 'PUBLISHED'),
(244, 6, 5, '2026-07-14', '14:00-17:30', 8, 'PUBLISHED'),
(245, 6, 5, '2026-07-15', '14:00-17:30', 12, 'PUBLISHED'),
(246, 6, 5, '2026-07-17', '14:00-17:30', 10, 'PUBLISHED'),
(247, 6, 5, '2026-07-20', '14:00-17:30', 12, 'PUBLISHED'),
(248, 6, 5, '2026-07-21', '14:00-17:30', 8, 'PUBLISHED'),
(249, 7, 5, '2026-07-01', '14:00-17:30', 10, 'PUBLISHED'),
(250, 7, 5, '2026-07-02', '14:00-17:30', 8, 'PUBLISHED'),
(251, 7, 5, '2026-07-07', '14:00-17:30', 12, 'PUBLISHED'),
(252, 7, 5, '2026-07-08', '14:00-17:30', 12, 'PUBLISHED'),
(253, 7, 5, '2026-07-10', '08:00-12:00', 10, 'PUBLISHED'),
(254, 7, 5, '2026-07-13', '14:00-17:30', 8, 'PUBLISHED'),
(255, 7, 5, '2026-07-14', '14:00-17:30', 8, 'PUBLISHED'),
(256, 7, 5, '2026-07-16', '14:00-17:30', 10, 'PUBLISHED'),
(257, 7, 5, '2026-07-17', '14:00-17:30', 12, 'PUBLISHED'),
(258, 7, 5, '2026-07-20', '08:00-12:00', 8, 'PUBLISHED'),
(259, 8, 1, '2026-07-01', '08:00-12:00', 8, 'PUBLISHED'),
(260, 8, 1, '2026-07-03', '14:00-17:30', 12, 'PUBLISHED'),
(261, 8, 1, '2026-07-06', '08:00-12:00', 12, 'PUBLISHED'),
(262, 8, 1, '2026-07-07', '08:00-12:00', 8, 'PUBLISHED'),
(263, 8, 1, '2026-07-09', '14:00-17:30', 10, 'PUBLISHED'),
(264, 8, 1, '2026-07-10', '14:00-17:30', 12, 'PUBLISHED'),
(265, 8, 1, '2026-07-13', '14:00-17:30', 10, 'PUBLISHED'),
(266, 8, 1, '2026-07-15', '08:00-12:00', 8, 'PUBLISHED'),
(267, 8, 1, '2026-07-16', '14:00-17:30', 10, 'PUBLISHED'),
(268, 8, 1, '2026-07-21', '08:00-12:00', 12, 'PUBLISHED'),
(269, 9, 6, '2026-07-02', '14:00-17:30', 10, 'PUBLISHED'),
(270, 9, 6, '2026-07-03', '08:00-12:00', 10, 'PUBLISHED'),
(271, 9, 6, '2026-07-06', '14:00-17:30', 10, 'PUBLISHED'),
(272, 9, 6, '2026-07-08', '14:00-17:30', 12, 'PUBLISHED'),
(273, 9, 6, '2026-07-09', '08:00-12:00', 10, 'PUBLISHED'),
(274, 9, 6, '2026-07-14', '08:00-12:00', 10, 'PUBLISHED'),
(275, 9, 6, '2026-07-15', '14:00-17:30', 10, 'PUBLISHED'),
(276, 9, 6, '2026-07-17', '08:00-12:00', 10, 'PUBLISHED'),
(277, 9, 6, '2026-07-20', '14:00-17:30', 12, 'PUBLISHED'),
(278, 9, 6, '2026-07-21', '14:00-17:30', 12, 'PUBLISHED'),
(279, 10, 6, '2026-07-01', '08:00-12:00', 10, 'PUBLISHED'),
(280, 10, 6, '2026-07-02', '08:00-12:00', 12, 'PUBLISHED'),
(281, 10, 6, '2026-07-07', '08:00-12:00', 10, 'PUBLISHED'),
(282, 10, 6, '2026-07-08', '08:00-12:00', 8, 'PUBLISHED'),
(283, 10, 6, '2026-07-10', '14:00-17:30', 8, 'PUBLISHED'),
(284, 10, 6, '2026-07-13', '14:00-17:30', 8, 'PUBLISHED'),
(285, 10, 6, '2026-07-14', '08:00-12:00', 10, 'PUBLISHED'),
(286, 10, 6, '2026-07-16', '14:00-17:30', 10, 'PUBLISHED'),
(287, 10, 6, '2026-07-17', '08:00-12:00', 10, 'PUBLISHED'),
(288, 10, 6, '2026-07-20', '14:00-17:30', 10, 'PUBLISHED'),
(289, 11, 7, '2026-07-01', '14:00-17:30', 10, 'PUBLISHED'),
(290, 11, 7, '2026-07-03', '14:00-17:30', 10, 'PUBLISHED'),
(291, 11, 7, '2026-07-06', '08:00-12:00', 10, 'PUBLISHED'),
(292, 11, 7, '2026-07-07', '08:00-12:00', 12, 'PUBLISHED'),
(293, 11, 7, '2026-07-09', '08:00-12:00', 10, 'PUBLISHED'),
(294, 11, 7, '2026-07-10', '08:00-12:00', 12, 'PUBLISHED'),
(295, 11, 7, '2026-07-13', '08:00-12:00', 12, 'PUBLISHED'),
(296, 11, 7, '2026-07-15', '08:00-12:00', 8, 'PUBLISHED'),
(297, 11, 7, '2026-07-16', '08:00-12:00', 8, 'PUBLISHED'),
(298, 11, 7, '2026-07-21', '08:00-12:00', 12, 'PUBLISHED'),
(299, 12, 8, '2026-07-02', '08:00-12:00', 8, 'PUBLISHED'),
(300, 12, 8, '2026-07-03', '08:00-12:00', 10, 'PUBLISHED'),
(301, 12, 8, '2026-07-06', '08:00-12:00', 12, 'PUBLISHED'),
(302, 12, 8, '2026-07-08', '08:00-12:00', 10, 'PUBLISHED'),
(303, 12, 8, '2026-07-09', '14:00-17:30', 10, 'PUBLISHED'),
(304, 12, 8, '2026-07-14', '08:00-12:00', 12, 'PUBLISHED'),
(305, 12, 8, '2026-07-15', '08:00-12:00', 8, 'PUBLISHED'),
(306, 12, 8, '2026-07-17', '14:00-17:30', 8, 'PUBLISHED'),
(307, 12, 8, '2026-07-20', '08:00-12:00', 10, 'PUBLISHED'),
(308, 12, 8, '2026-07-21', '14:00-17:30', 10, 'PUBLISHED'),
(309, 13, 8, '2026-07-01', '08:00-12:00', 8, 'PUBLISHED'),
(310, 13, 8, '2026-07-02', '08:00-12:00', 8, 'PUBLISHED'),
(311, 13, 8, '2026-07-07', '14:00-17:30', 12, 'PUBLISHED'),
(312, 13, 8, '2026-07-08', '08:00-12:00', 12, 'PUBLISHED'),
(313, 13, 8, '2026-07-10', '08:00-12:00', 10, 'PUBLISHED'),
(314, 13, 8, '2026-07-13', '14:00-17:30', 12, 'PUBLISHED'),
(315, 13, 8, '2026-07-14', '14:00-17:30', 8, 'PUBLISHED'),
(316, 13, 8, '2026-07-16', '14:00-17:30', 8, 'PUBLISHED'),
(317, 13, 8, '2026-07-17', '14:00-17:30', 10, 'PUBLISHED'),
(318, 13, 8, '2026-07-20', '08:00-12:00', 10, 'PUBLISHED'),
(319, 14, 9, '2026-07-01', '14:00-17:30', 12, 'PUBLISHED'),
(320, 14, 9, '2026-07-03', '14:00-17:30', 12, 'PUBLISHED'),
(321, 14, 9, '2026-07-06', '08:00-12:00', 10, 'PUBLISHED'),
(322, 14, 9, '2026-07-07', '08:00-12:00', 12, 'PUBLISHED'),
(323, 14, 9, '2026-07-09', '14:00-17:30', 12, 'PUBLISHED'),
(324, 14, 9, '2026-07-10', '14:00-17:30', 10, 'PUBLISHED'),
(325, 14, 9, '2026-07-13', '14:00-17:30', 12, 'PUBLISHED'),
(326, 14, 9, '2026-07-15', '14:00-17:30', 10, 'PUBLISHED'),
(327, 14, 9, '2026-07-16', '08:00-12:00', 8, 'PUBLISHED'),
(328, 14, 9, '2026-07-21', '14:00-17:30', 10, 'PUBLISHED'),
(329, 15, 10, '2026-07-02', '08:00-12:00', 10, 'PUBLISHED'),
(330, 15, 10, '2026-07-03', '14:00-17:30', 10, 'PUBLISHED'),
(331, 15, 10, '2026-07-06', '08:00-12:00', 10, 'PUBLISHED'),
(332, 15, 10, '2026-07-08', '14:00-17:30', 8, 'PUBLISHED'),
(333, 15, 10, '2026-07-09', '14:00-17:30', 8, 'PUBLISHED'),
(334, 15, 10, '2026-07-14', '14:00-17:30', 10, 'PUBLISHED'),
(335, 15, 10, '2026-07-15', '14:00-17:30', 10, 'PUBLISHED'),
(336, 15, 10, '2026-07-17', '14:00-17:30', 12, 'PUBLISHED'),
(337, 15, 10, '2026-07-20', '08:00-12:00', 12, 'PUBLISHED'),
(338, 15, 10, '2026-07-21', '08:00-12:00', 8, 'PUBLISHED'),
(339, 16, 11, '2026-07-01', '08:00-12:00', 12, 'PUBLISHED'),
(340, 16, 11, '2026-07-02', '14:00-17:30', 10, 'PUBLISHED'),
(341, 16, 11, '2026-07-07', '08:00-12:00', 12, 'PUBLISHED'),
(342, 16, 11, '2026-07-08', '14:00-17:30', 12, 'PUBLISHED'),
(343, 16, 11, '2026-07-10', '14:00-17:30', 10, 'PUBLISHED'),
(344, 16, 11, '2026-07-13', '08:00-12:00', 8, 'PUBLISHED'),
(345, 16, 11, '2026-07-14', '14:00-17:30', 8, 'PUBLISHED'),
(346, 16, 11, '2026-07-16', '14:00-17:30', 12, 'PUBLISHED'),
(347, 16, 11, '2026-07-17', '08:00-12:00', 10, 'PUBLISHED'),
(348, 16, 11, '2026-07-20', '14:00-17:30', 10, 'PUBLISHED'),
(349, 17, 12, '2026-07-01', '14:00-17:30', 10, 'PUBLISHED'),
(350, 17, 12, '2026-07-03', '14:00-17:30', 10, 'PUBLISHED'),
(351, 17, 12, '2026-07-06', '14:00-17:30', 10, 'PUBLISHED'),
(352, 17, 12, '2026-07-07', '14:00-17:30', 10, 'PUBLISHED'),
(353, 17, 12, '2026-07-09', '08:00-12:00', 8, 'PUBLISHED'),
(354, 17, 12, '2026-07-10', '08:00-12:00', 10, 'PUBLISHED'),
(355, 17, 12, '2026-07-13', '08:00-12:00', 12, 'PUBLISHED'),
(356, 17, 12, '2026-07-15', '08:00-12:00', 8, 'PUBLISHED'),
(357, 17, 12, '2026-07-16', '08:00-12:00', 12, 'PUBLISHED'),
(358, 17, 12, '2026-07-21', '14:00-17:30', 10, 'PUBLISHED'),
(359, 18, 13, '2026-07-02', '14:00-17:30', 8, 'PUBLISHED'),
(360, 18, 13, '2026-07-03', '08:00-12:00', 10, 'PUBLISHED'),
(361, 18, 13, '2026-07-06', '08:00-12:00', 10, 'PUBLISHED'),
(362, 18, 13, '2026-07-08', '08:00-12:00', 10, 'PUBLISHED'),
(363, 18, 13, '2026-07-09', '08:00-12:00', 12, 'PUBLISHED'),
(364, 18, 13, '2026-07-14', '08:00-12:00', 10, 'PUBLISHED'),
(365, 18, 13, '2026-07-15', '08:00-12:00', 8, 'PUBLISHED'),
(366, 18, 13, '2026-07-17', '14:00-17:30', 12, 'PUBLISHED'),
(367, 18, 13, '2026-07-20', '08:00-12:00', 12, 'PUBLISHED'),
(368, 18, 13, '2026-07-21', '14:00-17:30', 8, 'PUBLISHED'),
(369, 19, 14, '2026-07-01', '08:00-12:00', 12, 'PUBLISHED'),
(370, 19, 14, '2026-07-02', '14:00-17:30', 10, 'PUBLISHED'),
(371, 19, 14, '2026-07-07', '14:00-17:30', 10, 'PUBLISHED'),
(372, 19, 14, '2026-07-08', '14:00-17:30', 8, 'PUBLISHED'),
(373, 19, 14, '2026-07-10', '08:00-12:00', 10, 'PUBLISHED'),
(374, 19, 14, '2026-07-13', '14:00-17:30', 8, 'PUBLISHED'),
(375, 19, 14, '2026-07-14', '08:00-12:00', 10, 'PUBLISHED'),
(376, 19, 14, '2026-07-16', '14:00-17:30', 8, 'PUBLISHED'),
(377, 19, 14, '2026-07-17', '08:00-12:00', 8, 'PUBLISHED'),
(378, 19, 14, '2026-07-20', '08:00-12:00', 12, 'PUBLISHED'),
(379, 20, 15, '2026-07-01', '14:00-17:30', 8, 'PUBLISHED'),
(380, 20, 15, '2026-07-03', '08:00-12:00', 8, 'PUBLISHED'),
(381, 20, 15, '2026-07-06', '14:00-17:30', 12, 'PUBLISHED'),
(382, 20, 15, '2026-07-07', '08:00-12:00', 12, 'PUBLISHED'),
(383, 20, 15, '2026-07-09', '14:00-17:30', 10, 'PUBLISHED'),
(384, 20, 15, '2026-07-10', '14:00-17:30', 10, 'PUBLISHED'),
(385, 20, 15, '2026-07-13', '14:00-17:30', 10, 'PUBLISHED'),
(386, 20, 15, '2026-07-15', '08:00-12:00', 12, 'PUBLISHED'),
(387, 20, 15, '2026-07-16', '08:00-12:00', 8, 'PUBLISHED'),
(388, 20, 15, '2026-07-21', '08:00-12:00', 10, 'PUBLISHED')
ON CONFLICT (id) DO NOTHING;
-- 排班共 200 条

-- ─── 7. 新增号源 ───
INSERT INTO appointment_slot (id, schedule_id, doctor_id, department_id, start_time, end_time, capacity, remaining_capacity, status) VALUES
(87, 189, 1, 1, '2026-07-01 14:00:00', '2026-07-01 14:30:00', 8, 6, 'AVAILABLE'),
(88, 189, 1, 1, '2026-07-01 14:30:00', '2026-07-01 15:00:00', 8, 6, 'AVAILABLE'),
(89, 189, 1, 1, '2026-07-01 15:00:00', '2026-07-01 15:30:00', 8, 6, 'AVAILABLE'),
(90, 189, 1, 1, '2026-07-01 15:30:00', '2026-07-01 16:00:00', 8, 6, 'AVAILABLE'),
(91, 189, 1, 1, '2026-07-01 16:00:00', '2026-07-01 16:30:00', 8, 6, 'AVAILABLE'),
(92, 189, 1, 1, '2026-07-01 16:30:00', '2026-07-01 17:00:00', 8, 4, 'AVAILABLE'),
(93, 189, 1, 1, '2026-07-01 17:00:00', '2026-07-01 17:30:00', 8, 4, 'AVAILABLE'),
(94, 190, 1, 1, '2026-07-02 14:00:00', '2026-07-02 14:30:00', 10, 10, 'AVAILABLE'),
(95, 190, 1, 1, '2026-07-02 14:30:00', '2026-07-02 15:00:00', 10, 10, 'AVAILABLE'),
(96, 190, 1, 1, '2026-07-02 15:00:00', '2026-07-02 15:30:00', 10, 9, 'AVAILABLE'),
(97, 190, 1, 1, '2026-07-02 15:30:00', '2026-07-02 16:00:00', 10, 8, 'AVAILABLE'),
(98, 190, 1, 1, '2026-07-02 16:00:00', '2026-07-02 16:30:00', 10, 6, 'AVAILABLE'),
(99, 190, 1, 1, '2026-07-02 16:30:00', '2026-07-02 17:00:00', 10, 4, 'AVAILABLE'),
(100, 190, 1, 1, '2026-07-02 17:00:00', '2026-07-02 17:30:00', 10, 3, 'AVAILABLE'),
(101, 191, 1, 1, '2026-07-07 14:00:00', '2026-07-07 14:30:00', 12, 11, 'AVAILABLE'),
(102, 191, 1, 1, '2026-07-07 14:30:00', '2026-07-07 15:00:00', 12, 11, 'AVAILABLE'),
(103, 191, 1, 1, '2026-07-07 15:00:00', '2026-07-07 15:30:00', 12, 11, 'AVAILABLE'),
(104, 191, 1, 1, '2026-07-07 15:30:00', '2026-07-07 16:00:00', 12, 10, 'AVAILABLE'),
(105, 191, 1, 1, '2026-07-07 16:00:00', '2026-07-07 16:30:00', 12, 8, 'AVAILABLE'),
(106, 191, 1, 1, '2026-07-07 16:30:00', '2026-07-07 17:00:00', 12, 7, 'AVAILABLE'),
(107, 191, 1, 1, '2026-07-07 17:00:00', '2026-07-07 17:30:00', 12, 5, 'AVAILABLE'),
(108, 192, 1, 1, '2026-07-08 14:00:00', '2026-07-08 14:30:00', 8, 7, 'AVAILABLE'),
(109, 192, 1, 1, '2026-07-08 14:30:00', '2026-07-08 15:00:00', 8, 7, 'AVAILABLE'),
(110, 192, 1, 1, '2026-07-08 15:00:00', '2026-07-08 15:30:00', 8, 5, 'AVAILABLE'),
(111, 192, 1, 1, '2026-07-08 15:30:00', '2026-07-08 16:00:00', 8, 5, 'AVAILABLE'),
(112, 192, 1, 1, '2026-07-08 16:00:00', '2026-07-08 16:30:00', 8, 4, 'AVAILABLE'),
(113, 192, 1, 1, '2026-07-08 16:30:00', '2026-07-08 17:00:00', 8, 2, 'AVAILABLE'),
(114, 192, 1, 1, '2026-07-08 17:00:00', '2026-07-08 17:30:00', 8, 0, 'FULL'),
(115, 193, 1, 1, '2026-07-10 08:00:00', '2026-07-10 08:30:00', 10, 8, 'AVAILABLE'),
(116, 193, 1, 1, '2026-07-10 08:30:00', '2026-07-10 09:00:00', 10, 8, 'AVAILABLE'),
(117, 193, 1, 1, '2026-07-10 09:00:00', '2026-07-10 09:30:00', 10, 7, 'AVAILABLE'),
(118, 193, 1, 1, '2026-07-10 09:30:00', '2026-07-10 10:00:00', 10, 7, 'AVAILABLE'),
(119, 193, 1, 1, '2026-07-10 10:00:00', '2026-07-10 10:30:00', 10, 5, 'AVAILABLE'),
(120, 193, 1, 1, '2026-07-10 10:30:00', '2026-07-10 11:00:00', 10, 5, 'AVAILABLE'),
(121, 193, 1, 1, '2026-07-10 11:00:00', '2026-07-10 11:30:00', 10, 3, 'AVAILABLE'),
(122, 193, 1, 1, '2026-07-10 11:30:00', '2026-07-10 12:00:00', 10, 3, 'AVAILABLE'),
(123, 194, 1, 1, '2026-07-13 08:00:00', '2026-07-13 08:30:00', 12, 11, 'AVAILABLE'),
(124, 194, 1, 1, '2026-07-13 08:30:00', '2026-07-13 09:00:00', 12, 11, 'AVAILABLE'),
(125, 194, 1, 1, '2026-07-13 09:00:00', '2026-07-13 09:30:00', 12, 11, 'AVAILABLE'),
(126, 194, 1, 1, '2026-07-13 09:30:00', '2026-07-13 10:00:00', 12, 11, 'AVAILABLE'),
(127, 194, 1, 1, '2026-07-13 10:00:00', '2026-07-13 10:30:00', 12, 11, 'AVAILABLE'),
(128, 194, 1, 1, '2026-07-13 10:30:00', '2026-07-13 11:00:00', 12, 10, 'AVAILABLE'),
(129, 194, 1, 1, '2026-07-13 11:00:00', '2026-07-13 11:30:00', 12, 8, 'AVAILABLE'),
(130, 194, 1, 1, '2026-07-13 11:30:00', '2026-07-13 12:00:00', 12, 6, 'AVAILABLE'),
(131, 195, 1, 1, '2026-07-14 14:00:00', '2026-07-14 14:30:00', 8, 6, 'AVAILABLE'),
(132, 195, 1, 1, '2026-07-14 14:30:00', '2026-07-14 15:00:00', 8, 5, 'AVAILABLE'),
(133, 195, 1, 1, '2026-07-14 15:00:00', '2026-07-14 15:30:00', 8, 4, 'AVAILABLE'),
(134, 195, 1, 1, '2026-07-14 15:30:00', '2026-07-14 16:00:00', 8, 4, 'AVAILABLE'),
(135, 195, 1, 1, '2026-07-14 16:00:00', '2026-07-14 16:30:00', 8, 3, 'AVAILABLE'),
(136, 195, 1, 1, '2026-07-14 16:30:00', '2026-07-14 17:00:00', 8, 1, 'AVAILABLE'),
(137, 195, 1, 1, '2026-07-14 17:00:00', '2026-07-14 17:30:00', 8, 0, 'FULL'),
(138, 196, 1, 1, '2026-07-16 08:00:00', '2026-07-16 08:30:00', 12, 10, 'AVAILABLE'),
(139, 196, 1, 1, '2026-07-16 08:30:00', '2026-07-16 09:00:00', 12, 9, 'AVAILABLE'),
(140, 196, 1, 1, '2026-07-16 09:00:00', '2026-07-16 09:30:00', 12, 8, 'AVAILABLE'),
(141, 196, 1, 1, '2026-07-16 09:30:00', '2026-07-16 10:00:00', 12, 6, 'AVAILABLE'),
(142, 196, 1, 1, '2026-07-16 10:00:00', '2026-07-16 10:30:00', 12, 4, 'AVAILABLE'),
(143, 196, 1, 1, '2026-07-16 10:30:00', '2026-07-16 11:00:00', 12, 3, 'AVAILABLE'),
(144, 196, 1, 1, '2026-07-16 11:00:00', '2026-07-16 11:30:00', 12, 2, 'AVAILABLE'),
(145, 196, 1, 1, '2026-07-16 11:30:00', '2026-07-16 12:00:00', 12, 2, 'AVAILABLE'),
(146, 197, 1, 1, '2026-07-17 14:00:00', '2026-07-17 14:30:00', 10, 8, 'AVAILABLE'),
(147, 197, 1, 1, '2026-07-17 14:30:00', '2026-07-17 15:00:00', 10, 8, 'AVAILABLE'),
(148, 197, 1, 1, '2026-07-17 15:00:00', '2026-07-17 15:30:00', 10, 7, 'AVAILABLE'),
(149, 197, 1, 1, '2026-07-17 15:30:00', '2026-07-17 16:00:00', 10, 5, 'AVAILABLE'),
(150, 197, 1, 1, '2026-07-17 16:00:00', '2026-07-17 16:30:00', 10, 4, 'AVAILABLE'),
(151, 197, 1, 1, '2026-07-17 16:30:00', '2026-07-17 17:00:00', 10, 2, 'AVAILABLE'),
(152, 197, 1, 1, '2026-07-17 17:00:00', '2026-07-17 17:30:00', 10, 1, 'AVAILABLE'),
(153, 198, 1, 1, '2026-07-20 14:00:00', '2026-07-20 14:30:00', 10, 10, 'AVAILABLE'),
(154, 198, 1, 1, '2026-07-20 14:30:00', '2026-07-20 15:00:00', 10, 10, 'AVAILABLE'),
(155, 198, 1, 1, '2026-07-20 15:00:00', '2026-07-20 15:30:00', 10, 10, 'AVAILABLE'),
(156, 198, 1, 1, '2026-07-20 15:30:00', '2026-07-20 16:00:00', 10, 8, 'AVAILABLE'),
(157, 198, 1, 1, '2026-07-20 16:00:00', '2026-07-20 16:30:00', 10, 6, 'AVAILABLE'),
(158, 198, 1, 1, '2026-07-20 16:30:00', '2026-07-20 17:00:00', 10, 4, 'AVAILABLE'),
(159, 198, 1, 1, '2026-07-20 17:00:00', '2026-07-20 17:30:00', 10, 4, 'AVAILABLE'),
(160, 199, 2, 2, '2026-07-01 08:00:00', '2026-07-01 08:30:00', 10, 8, 'AVAILABLE'),
(161, 199, 2, 2, '2026-07-01 08:30:00', '2026-07-01 09:00:00', 10, 7, 'AVAILABLE'),
(162, 199, 2, 2, '2026-07-01 09:00:00', '2026-07-01 09:30:00', 10, 5, 'AVAILABLE'),
(163, 199, 2, 2, '2026-07-01 09:30:00', '2026-07-01 10:00:00', 10, 5, 'AVAILABLE'),
(164, 199, 2, 2, '2026-07-01 10:00:00', '2026-07-01 10:30:00', 10, 5, 'AVAILABLE'),
(165, 199, 2, 2, '2026-07-01 10:30:00', '2026-07-01 11:00:00', 10, 4, 'AVAILABLE'),
(166, 199, 2, 2, '2026-07-01 11:00:00', '2026-07-01 11:30:00', 10, 2, 'AVAILABLE'),
(167, 199, 2, 2, '2026-07-01 11:30:00', '2026-07-01 12:00:00', 10, 0, 'FULL'),
(168, 200, 2, 2, '2026-07-03 08:00:00', '2026-07-03 08:30:00', 10, 9, 'AVAILABLE'),
(169, 200, 2, 2, '2026-07-03 08:30:00', '2026-07-03 09:00:00', 10, 8, 'AVAILABLE'),
(170, 200, 2, 2, '2026-07-03 09:00:00', '2026-07-03 09:30:00', 10, 8, 'AVAILABLE'),
(171, 200, 2, 2, '2026-07-03 09:30:00', '2026-07-03 10:00:00', 10, 6, 'AVAILABLE'),
(172, 200, 2, 2, '2026-07-03 10:00:00', '2026-07-03 10:30:00', 10, 5, 'AVAILABLE'),
(173, 200, 2, 2, '2026-07-03 10:30:00', '2026-07-03 11:00:00', 10, 3, 'AVAILABLE'),
(174, 200, 2, 2, '2026-07-03 11:00:00', '2026-07-03 11:30:00', 10, 2, 'AVAILABLE'),
(175, 200, 2, 2, '2026-07-03 11:30:00', '2026-07-03 12:00:00', 10, 2, 'AVAILABLE'),
(176, 201, 2, 2, '2026-07-06 08:00:00', '2026-07-06 08:30:00', 12, 11, 'AVAILABLE'),
(177, 201, 2, 2, '2026-07-06 08:30:00', '2026-07-06 09:00:00', 12, 10, 'AVAILABLE'),
(178, 201, 2, 2, '2026-07-06 09:00:00', '2026-07-06 09:30:00', 12, 9, 'AVAILABLE'),
(179, 201, 2, 2, '2026-07-06 09:30:00', '2026-07-06 10:00:00', 12, 8, 'AVAILABLE'),
(180, 201, 2, 2, '2026-07-06 10:00:00', '2026-07-06 10:30:00', 12, 7, 'AVAILABLE'),
(181, 201, 2, 2, '2026-07-06 10:30:00', '2026-07-06 11:00:00', 12, 5, 'AVAILABLE'),
(182, 201, 2, 2, '2026-07-06 11:00:00', '2026-07-06 11:30:00', 12, 5, 'AVAILABLE'),
(183, 201, 2, 2, '2026-07-06 11:30:00', '2026-07-06 12:00:00', 12, 5, 'AVAILABLE'),
(184, 202, 2, 2, '2026-07-07 14:00:00', '2026-07-07 14:30:00', 8, 7, 'AVAILABLE'),
(185, 202, 2, 2, '2026-07-07 14:30:00', '2026-07-07 15:00:00', 8, 6, 'AVAILABLE'),
(186, 202, 2, 2, '2026-07-07 15:00:00', '2026-07-07 15:30:00', 8, 4, 'AVAILABLE'),
(187, 202, 2, 2, '2026-07-07 15:30:00', '2026-07-07 16:00:00', 8, 3, 'AVAILABLE'),
(188, 202, 2, 2, '2026-07-07 16:00:00', '2026-07-07 16:30:00', 8, 2, 'AVAILABLE'),
(189, 202, 2, 2, '2026-07-07 16:30:00', '2026-07-07 17:00:00', 8, 0, 'FULL'),
(190, 202, 2, 2, '2026-07-07 17:00:00', '2026-07-07 17:30:00', 8, 0, 'FULL'),
(191, 203, 2, 2, '2026-07-09 08:00:00', '2026-07-09 08:30:00', 10, 8, 'AVAILABLE'),
(192, 203, 2, 2, '2026-07-09 08:30:00', '2026-07-09 09:00:00', 10, 8, 'AVAILABLE'),
(193, 203, 2, 2, '2026-07-09 09:00:00', '2026-07-09 09:30:00', 10, 7, 'AVAILABLE'),
(194, 203, 2, 2, '2026-07-09 09:30:00', '2026-07-09 10:00:00', 10, 7, 'AVAILABLE'),
(195, 203, 2, 2, '2026-07-09 10:00:00', '2026-07-09 10:30:00', 10, 6, 'AVAILABLE'),
(196, 203, 2, 2, '2026-07-09 10:30:00', '2026-07-09 11:00:00', 10, 5, 'AVAILABLE'),
(197, 203, 2, 2, '2026-07-09 11:00:00', '2026-07-09 11:30:00', 10, 4, 'AVAILABLE'),
(198, 203, 2, 2, '2026-07-09 11:30:00', '2026-07-09 12:00:00', 10, 4, 'AVAILABLE'),
(199, 204, 2, 2, '2026-07-10 14:00:00', '2026-07-10 14:30:00', 8, 7, 'AVAILABLE'),
(200, 204, 2, 2, '2026-07-10 14:30:00', '2026-07-10 15:00:00', 8, 5, 'AVAILABLE'),
(201, 204, 2, 2, '2026-07-10 15:00:00', '2026-07-10 15:30:00', 8, 5, 'AVAILABLE'),
(202, 204, 2, 2, '2026-07-10 15:30:00', '2026-07-10 16:00:00', 8, 3, 'AVAILABLE'),
(203, 204, 2, 2, '2026-07-10 16:00:00', '2026-07-10 16:30:00', 8, 1, 'AVAILABLE'),
(204, 204, 2, 2, '2026-07-10 16:30:00', '2026-07-10 17:00:00', 8, 0, 'FULL'),
(205, 204, 2, 2, '2026-07-10 17:00:00', '2026-07-10 17:30:00', 8, 0, 'FULL'),
(206, 205, 2, 2, '2026-07-13 14:00:00', '2026-07-13 14:30:00', 12, 12, 'AVAILABLE'),
(207, 205, 2, 2, '2026-07-13 14:30:00', '2026-07-13 15:00:00', 12, 12, 'AVAILABLE'),
(208, 205, 2, 2, '2026-07-13 15:00:00', '2026-07-13 15:30:00', 12, 10, 'AVAILABLE'),
(209, 205, 2, 2, '2026-07-13 15:30:00', '2026-07-13 16:00:00', 12, 9, 'AVAILABLE'),
(210, 205, 2, 2, '2026-07-13 16:00:00', '2026-07-13 16:30:00', 12, 7, 'AVAILABLE'),
(211, 205, 2, 2, '2026-07-13 16:30:00', '2026-07-13 17:00:00', 12, 6, 'AVAILABLE'),
(212, 205, 2, 2, '2026-07-13 17:00:00', '2026-07-13 17:30:00', 12, 4, 'AVAILABLE'),
(213, 206, 2, 2, '2026-07-15 14:00:00', '2026-07-15 14:30:00', 12, 11, 'AVAILABLE'),
(214, 206, 2, 2, '2026-07-15 14:30:00', '2026-07-15 15:00:00', 12, 11, 'AVAILABLE'),
(215, 206, 2, 2, '2026-07-15 15:00:00', '2026-07-15 15:30:00', 12, 11, 'AVAILABLE'),
(216, 206, 2, 2, '2026-07-15 15:30:00', '2026-07-15 16:00:00', 12, 10, 'AVAILABLE'),
(217, 206, 2, 2, '2026-07-15 16:00:00', '2026-07-15 16:30:00', 12, 8, 'AVAILABLE'),
(218, 206, 2, 2, '2026-07-15 16:30:00', '2026-07-15 17:00:00', 12, 8, 'AVAILABLE'),
(219, 206, 2, 2, '2026-07-15 17:00:00', '2026-07-15 17:30:00', 12, 7, 'AVAILABLE'),
(220, 207, 2, 2, '2026-07-16 08:00:00', '2026-07-16 08:30:00', 12, 11, 'AVAILABLE'),
(221, 207, 2, 2, '2026-07-16 08:30:00', '2026-07-16 09:00:00', 12, 9, 'AVAILABLE'),
(222, 207, 2, 2, '2026-07-16 09:00:00', '2026-07-16 09:30:00', 12, 8, 'AVAILABLE'),
(223, 207, 2, 2, '2026-07-16 09:30:00', '2026-07-16 10:00:00', 12, 8, 'AVAILABLE'),
(224, 207, 2, 2, '2026-07-16 10:00:00', '2026-07-16 10:30:00', 12, 8, 'AVAILABLE'),
(225, 207, 2, 2, '2026-07-16 10:30:00', '2026-07-16 11:00:00', 12, 6, 'AVAILABLE'),
(226, 207, 2, 2, '2026-07-16 11:00:00', '2026-07-16 11:30:00', 12, 4, 'AVAILABLE'),
(227, 207, 2, 2, '2026-07-16 11:30:00', '2026-07-16 12:00:00', 12, 4, 'AVAILABLE'),
(228, 208, 2, 2, '2026-07-21 14:00:00', '2026-07-21 14:30:00', 12, 10, 'AVAILABLE'),
(229, 208, 2, 2, '2026-07-21 14:30:00', '2026-07-21 15:00:00', 12, 10, 'AVAILABLE'),
(230, 208, 2, 2, '2026-07-21 15:00:00', '2026-07-21 15:30:00', 12, 9, 'AVAILABLE'),
(231, 208, 2, 2, '2026-07-21 15:30:00', '2026-07-21 16:00:00', 12, 7, 'AVAILABLE'),
(232, 208, 2, 2, '2026-07-21 16:00:00', '2026-07-21 16:30:00', 12, 7, 'AVAILABLE'),
(233, 208, 2, 2, '2026-07-21 16:30:00', '2026-07-21 17:00:00', 12, 5, 'AVAILABLE'),
(234, 208, 2, 2, '2026-07-21 17:00:00', '2026-07-21 17:30:00', 12, 4, 'AVAILABLE'),
(235, 209, 3, 3, '2026-07-02 14:00:00', '2026-07-02 14:30:00', 12, 12, 'AVAILABLE'),
(236, 209, 3, 3, '2026-07-02 14:30:00', '2026-07-02 15:00:00', 12, 12, 'AVAILABLE'),
(237, 209, 3, 3, '2026-07-02 15:00:00', '2026-07-02 15:30:00', 12, 12, 'AVAILABLE'),
(238, 209, 3, 3, '2026-07-02 15:30:00', '2026-07-02 16:00:00', 12, 11, 'AVAILABLE'),
(239, 209, 3, 3, '2026-07-02 16:00:00', '2026-07-02 16:30:00', 12, 11, 'AVAILABLE'),
(240, 209, 3, 3, '2026-07-02 16:30:00', '2026-07-02 17:00:00', 12, 9, 'AVAILABLE'),
(241, 209, 3, 3, '2026-07-02 17:00:00', '2026-07-02 17:30:00', 12, 9, 'AVAILABLE'),
(242, 210, 3, 3, '2026-07-03 14:00:00', '2026-07-03 14:30:00', 10, 9, 'AVAILABLE'),
(243, 210, 3, 3, '2026-07-03 14:30:00', '2026-07-03 15:00:00', 10, 7, 'AVAILABLE'),
(244, 210, 3, 3, '2026-07-03 15:00:00', '2026-07-03 15:30:00', 10, 6, 'AVAILABLE'),
(245, 210, 3, 3, '2026-07-03 15:30:00', '2026-07-03 16:00:00', 10, 4, 'AVAILABLE'),
(246, 210, 3, 3, '2026-07-03 16:00:00', '2026-07-03 16:30:00', 10, 2, 'AVAILABLE'),
(247, 210, 3, 3, '2026-07-03 16:30:00', '2026-07-03 17:00:00', 10, 1, 'AVAILABLE'),
(248, 210, 3, 3, '2026-07-03 17:00:00', '2026-07-03 17:30:00', 10, 0, 'FULL'),
(249, 211, 3, 3, '2026-07-06 14:00:00', '2026-07-06 14:30:00', 12, 11, 'AVAILABLE'),
(250, 211, 3, 3, '2026-07-06 14:30:00', '2026-07-06 15:00:00', 12, 10, 'AVAILABLE'),
(251, 211, 3, 3, '2026-07-06 15:00:00', '2026-07-06 15:30:00', 12, 10, 'AVAILABLE'),
(252, 211, 3, 3, '2026-07-06 15:30:00', '2026-07-06 16:00:00', 12, 9, 'AVAILABLE'),
(253, 211, 3, 3, '2026-07-06 16:00:00', '2026-07-06 16:30:00', 12, 7, 'AVAILABLE'),
(254, 211, 3, 3, '2026-07-06 16:30:00', '2026-07-06 17:00:00', 12, 7, 'AVAILABLE'),
(255, 211, 3, 3, '2026-07-06 17:00:00', '2026-07-06 17:30:00', 12, 6, 'AVAILABLE'),
(256, 212, 3, 3, '2026-07-08 14:00:00', '2026-07-08 14:30:00', 12, 12, 'AVAILABLE'),
(257, 212, 3, 3, '2026-07-08 14:30:00', '2026-07-08 15:00:00', 12, 10, 'AVAILABLE'),
(258, 212, 3, 3, '2026-07-08 15:00:00', '2026-07-08 15:30:00', 12, 8, 'AVAILABLE'),
(259, 212, 3, 3, '2026-07-08 15:30:00', '2026-07-08 16:00:00', 12, 6, 'AVAILABLE'),
(260, 212, 3, 3, '2026-07-08 16:00:00', '2026-07-08 16:30:00', 12, 6, 'AVAILABLE'),
(261, 212, 3, 3, '2026-07-08 16:30:00', '2026-07-08 17:00:00', 12, 6, 'AVAILABLE'),
(262, 212, 3, 3, '2026-07-08 17:00:00', '2026-07-08 17:30:00', 12, 5, 'AVAILABLE'),
(263, 213, 3, 3, '2026-07-09 08:00:00', '2026-07-09 08:30:00', 8, 7, 'AVAILABLE'),
(264, 213, 3, 3, '2026-07-09 08:30:00', '2026-07-09 09:00:00', 8, 6, 'AVAILABLE'),
(265, 213, 3, 3, '2026-07-09 09:00:00', '2026-07-09 09:30:00', 8, 4, 'AVAILABLE'),
(266, 213, 3, 3, '2026-07-09 09:30:00', '2026-07-09 10:00:00', 8, 3, 'AVAILABLE'),
(267, 213, 3, 3, '2026-07-09 10:00:00', '2026-07-09 10:30:00', 8, 3, 'AVAILABLE'),
(268, 213, 3, 3, '2026-07-09 10:30:00', '2026-07-09 11:00:00', 8, 2, 'AVAILABLE'),
(269, 213, 3, 3, '2026-07-09 11:00:00', '2026-07-09 11:30:00', 8, 0, 'FULL'),
(270, 213, 3, 3, '2026-07-09 11:30:00', '2026-07-09 12:00:00', 8, 0, 'FULL'),
(271, 214, 3, 3, '2026-07-14 14:00:00', '2026-07-14 14:30:00', 12, 10, 'AVAILABLE'),
(272, 214, 3, 3, '2026-07-14 14:30:00', '2026-07-14 15:00:00', 12, 8, 'AVAILABLE'),
(273, 214, 3, 3, '2026-07-14 15:00:00', '2026-07-14 15:30:00', 12, 6, 'AVAILABLE'),
(274, 214, 3, 3, '2026-07-14 15:30:00', '2026-07-14 16:00:00', 12, 5, 'AVAILABLE'),
(275, 214, 3, 3, '2026-07-14 16:00:00', '2026-07-14 16:30:00', 12, 5, 'AVAILABLE'),
(276, 214, 3, 3, '2026-07-14 16:30:00', '2026-07-14 17:00:00', 12, 4, 'AVAILABLE'),
(277, 214, 3, 3, '2026-07-14 17:00:00', '2026-07-14 17:30:00', 12, 2, 'AVAILABLE'),
(278, 215, 3, 3, '2026-07-15 14:00:00', '2026-07-15 14:30:00', 12, 11, 'AVAILABLE'),
(279, 215, 3, 3, '2026-07-15 14:30:00', '2026-07-15 15:00:00', 12, 10, 'AVAILABLE'),
(280, 215, 3, 3, '2026-07-15 15:00:00', '2026-07-15 15:30:00', 12, 9, 'AVAILABLE'),
(281, 215, 3, 3, '2026-07-15 15:30:00', '2026-07-15 16:00:00', 12, 7, 'AVAILABLE'),
(282, 215, 3, 3, '2026-07-15 16:00:00', '2026-07-15 16:30:00', 12, 5, 'AVAILABLE'),
(283, 215, 3, 3, '2026-07-15 16:30:00', '2026-07-15 17:00:00', 12, 4, 'AVAILABLE'),
(284, 215, 3, 3, '2026-07-15 17:00:00', '2026-07-15 17:30:00', 12, 3, 'AVAILABLE'),
(285, 216, 3, 3, '2026-07-17 08:00:00', '2026-07-17 08:30:00', 12, 11, 'AVAILABLE'),
(286, 216, 3, 3, '2026-07-17 08:30:00', '2026-07-17 09:00:00', 12, 11, 'AVAILABLE'),
(287, 216, 3, 3, '2026-07-17 09:00:00', '2026-07-17 09:30:00', 12, 9, 'AVAILABLE'),
(288, 216, 3, 3, '2026-07-17 09:30:00', '2026-07-17 10:00:00', 12, 9, 'AVAILABLE'),
(289, 216, 3, 3, '2026-07-17 10:00:00', '2026-07-17 10:30:00', 12, 7, 'AVAILABLE'),
(290, 216, 3, 3, '2026-07-17 10:30:00', '2026-07-17 11:00:00', 12, 6, 'AVAILABLE'),
(291, 216, 3, 3, '2026-07-17 11:00:00', '2026-07-17 11:30:00', 12, 6, 'AVAILABLE'),
(292, 216, 3, 3, '2026-07-17 11:30:00', '2026-07-17 12:00:00', 12, 5, 'AVAILABLE'),
(293, 217, 3, 3, '2026-07-20 14:00:00', '2026-07-20 14:30:00', 10, 10, 'AVAILABLE'),
(294, 217, 3, 3, '2026-07-20 14:30:00', '2026-07-20 15:00:00', 10, 9, 'AVAILABLE'),
(295, 217, 3, 3, '2026-07-20 15:00:00', '2026-07-20 15:30:00', 10, 7, 'AVAILABLE'),
(296, 217, 3, 3, '2026-07-20 15:30:00', '2026-07-20 16:00:00', 10, 6, 'AVAILABLE'),
(297, 217, 3, 3, '2026-07-20 16:00:00', '2026-07-20 16:30:00', 10, 4, 'AVAILABLE'),
(298, 217, 3, 3, '2026-07-20 16:30:00', '2026-07-20 17:00:00', 10, 3, 'AVAILABLE'),
(299, 217, 3, 3, '2026-07-20 17:00:00', '2026-07-20 17:30:00', 10, 2, 'AVAILABLE'),
(300, 218, 3, 3, '2026-07-21 08:00:00', '2026-07-21 08:30:00', 10, 8, 'AVAILABLE'),
(301, 218, 3, 3, '2026-07-21 08:30:00', '2026-07-21 09:00:00', 10, 6, 'AVAILABLE'),
(302, 218, 3, 3, '2026-07-21 09:00:00', '2026-07-21 09:30:00', 10, 6, 'AVAILABLE'),
(303, 218, 3, 3, '2026-07-21 09:30:00', '2026-07-21 10:00:00', 10, 5, 'AVAILABLE'),
(304, 218, 3, 3, '2026-07-21 10:00:00', '2026-07-21 10:30:00', 10, 5, 'AVAILABLE'),
(305, 218, 3, 3, '2026-07-21 10:30:00', '2026-07-21 11:00:00', 10, 5, 'AVAILABLE'),
(306, 218, 3, 3, '2026-07-21 11:00:00', '2026-07-21 11:30:00', 10, 3, 'AVAILABLE'),
(307, 218, 3, 3, '2026-07-21 11:30:00', '2026-07-21 12:00:00', 10, 1, 'AVAILABLE'),
(308, 219, 4, 4, '2026-07-01 14:00:00', '2026-07-01 14:30:00', 8, 7, 'AVAILABLE'),
(309, 219, 4, 4, '2026-07-01 14:30:00', '2026-07-01 15:00:00', 8, 7, 'AVAILABLE'),
(310, 219, 4, 4, '2026-07-01 15:00:00', '2026-07-01 15:30:00', 8, 6, 'AVAILABLE'),
(311, 219, 4, 4, '2026-07-01 15:30:00', '2026-07-01 16:00:00', 8, 6, 'AVAILABLE'),
(312, 219, 4, 4, '2026-07-01 16:00:00', '2026-07-01 16:30:00', 8, 4, 'AVAILABLE'),
(313, 219, 4, 4, '2026-07-01 16:30:00', '2026-07-01 17:00:00', 8, 3, 'AVAILABLE'),
(314, 219, 4, 4, '2026-07-01 17:00:00', '2026-07-01 17:30:00', 8, 3, 'AVAILABLE'),
(315, 220, 4, 4, '2026-07-02 14:00:00', '2026-07-02 14:30:00', 12, 10, 'AVAILABLE'),
(316, 220, 4, 4, '2026-07-02 14:30:00', '2026-07-02 15:00:00', 12, 10, 'AVAILABLE'),
(317, 220, 4, 4, '2026-07-02 15:00:00', '2026-07-02 15:30:00', 12, 9, 'AVAILABLE'),
(318, 220, 4, 4, '2026-07-02 15:30:00', '2026-07-02 16:00:00', 12, 7, 'AVAILABLE'),
(319, 220, 4, 4, '2026-07-02 16:00:00', '2026-07-02 16:30:00', 12, 7, 'AVAILABLE'),
(320, 220, 4, 4, '2026-07-02 16:30:00', '2026-07-02 17:00:00', 12, 7, 'AVAILABLE'),
(321, 220, 4, 4, '2026-07-02 17:00:00', '2026-07-02 17:30:00', 12, 6, 'AVAILABLE'),
(322, 221, 4, 4, '2026-07-07 14:00:00', '2026-07-07 14:30:00', 10, 9, 'AVAILABLE'),
(323, 221, 4, 4, '2026-07-07 14:30:00', '2026-07-07 15:00:00', 10, 8, 'AVAILABLE'),
(324, 221, 4, 4, '2026-07-07 15:00:00', '2026-07-07 15:30:00', 10, 6, 'AVAILABLE'),
(325, 221, 4, 4, '2026-07-07 15:30:00', '2026-07-07 16:00:00', 10, 4, 'AVAILABLE'),
(326, 221, 4, 4, '2026-07-07 16:00:00', '2026-07-07 16:30:00', 10, 3, 'AVAILABLE'),
(327, 221, 4, 4, '2026-07-07 16:30:00', '2026-07-07 17:00:00', 10, 1, 'AVAILABLE'),
(328, 221, 4, 4, '2026-07-07 17:00:00', '2026-07-07 17:30:00', 10, 1, 'AVAILABLE'),
(329, 222, 4, 4, '2026-07-08 14:00:00', '2026-07-08 14:30:00', 10, 9, 'AVAILABLE'),
(330, 222, 4, 4, '2026-07-08 14:30:00', '2026-07-08 15:00:00', 10, 7, 'AVAILABLE'),
(331, 222, 4, 4, '2026-07-08 15:00:00', '2026-07-08 15:30:00', 10, 5, 'AVAILABLE'),
(332, 222, 4, 4, '2026-07-08 15:30:00', '2026-07-08 16:00:00', 10, 4, 'AVAILABLE'),
(333, 222, 4, 4, '2026-07-08 16:00:00', '2026-07-08 16:30:00', 10, 3, 'AVAILABLE'),
(334, 222, 4, 4, '2026-07-08 16:30:00', '2026-07-08 17:00:00', 10, 1, 'AVAILABLE'),
(335, 222, 4, 4, '2026-07-08 17:00:00', '2026-07-08 17:30:00', 10, 0, 'FULL'),
(336, 223, 4, 4, '2026-07-10 08:00:00', '2026-07-10 08:30:00', 12, 11, 'AVAILABLE'),
(337, 223, 4, 4, '2026-07-10 08:30:00', '2026-07-10 09:00:00', 12, 9, 'AVAILABLE'),
(338, 223, 4, 4, '2026-07-10 09:00:00', '2026-07-10 09:30:00', 12, 9, 'AVAILABLE'),
(339, 223, 4, 4, '2026-07-10 09:30:00', '2026-07-10 10:00:00', 12, 7, 'AVAILABLE'),
(340, 223, 4, 4, '2026-07-10 10:00:00', '2026-07-10 10:30:00', 12, 7, 'AVAILABLE'),
(341, 223, 4, 4, '2026-07-10 10:30:00', '2026-07-10 11:00:00', 12, 7, 'AVAILABLE'),
(342, 223, 4, 4, '2026-07-10 11:00:00', '2026-07-10 11:30:00', 12, 5, 'AVAILABLE'),
(343, 223, 4, 4, '2026-07-10 11:30:00', '2026-07-10 12:00:00', 12, 3, 'AVAILABLE'),
(344, 224, 4, 4, '2026-07-13 14:00:00', '2026-07-13 14:30:00', 12, 11, 'AVAILABLE'),
(345, 224, 4, 4, '2026-07-13 14:30:00', '2026-07-13 15:00:00', 12, 11, 'AVAILABLE'),
(346, 224, 4, 4, '2026-07-13 15:00:00', '2026-07-13 15:30:00', 12, 9, 'AVAILABLE'),
(347, 224, 4, 4, '2026-07-13 15:30:00', '2026-07-13 16:00:00', 12, 9, 'AVAILABLE'),
(348, 224, 4, 4, '2026-07-13 16:00:00', '2026-07-13 16:30:00', 12, 8, 'AVAILABLE'),
(349, 224, 4, 4, '2026-07-13 16:30:00', '2026-07-13 17:00:00', 12, 8, 'AVAILABLE'),
(350, 224, 4, 4, '2026-07-13 17:00:00', '2026-07-13 17:30:00', 12, 6, 'AVAILABLE'),
(351, 225, 4, 4, '2026-07-14 08:00:00', '2026-07-14 08:30:00', 12, 10, 'AVAILABLE'),
(352, 225, 4, 4, '2026-07-14 08:30:00', '2026-07-14 09:00:00', 12, 10, 'AVAILABLE'),
(353, 225, 4, 4, '2026-07-14 09:00:00', '2026-07-14 09:30:00', 12, 9, 'AVAILABLE'),
(354, 225, 4, 4, '2026-07-14 09:30:00', '2026-07-14 10:00:00', 12, 9, 'AVAILABLE'),
(355, 225, 4, 4, '2026-07-14 10:00:00', '2026-07-14 10:30:00', 12, 7, 'AVAILABLE'),
(356, 225, 4, 4, '2026-07-14 10:30:00', '2026-07-14 11:00:00', 12, 6, 'AVAILABLE'),
(357, 225, 4, 4, '2026-07-14 11:00:00', '2026-07-14 11:30:00', 12, 6, 'AVAILABLE'),
(358, 225, 4, 4, '2026-07-14 11:30:00', '2026-07-14 12:00:00', 12, 6, 'AVAILABLE'),
(359, 226, 4, 4, '2026-07-16 08:00:00', '2026-07-16 08:30:00', 10, 9, 'AVAILABLE'),
(360, 226, 4, 4, '2026-07-16 08:30:00', '2026-07-16 09:00:00', 10, 9, 'AVAILABLE'),
(361, 226, 4, 4, '2026-07-16 09:00:00', '2026-07-16 09:30:00', 10, 8, 'AVAILABLE'),
(362, 226, 4, 4, '2026-07-16 09:30:00', '2026-07-16 10:00:00', 10, 7, 'AVAILABLE'),
(363, 226, 4, 4, '2026-07-16 10:00:00', '2026-07-16 10:30:00', 10, 6, 'AVAILABLE'),
(364, 226, 4, 4, '2026-07-16 10:30:00', '2026-07-16 11:00:00', 10, 5, 'AVAILABLE'),
(365, 226, 4, 4, '2026-07-16 11:00:00', '2026-07-16 11:30:00', 10, 5, 'AVAILABLE'),
(366, 226, 4, 4, '2026-07-16 11:30:00', '2026-07-16 12:00:00', 10, 5, 'AVAILABLE'),
(367, 227, 4, 4, '2026-07-17 14:00:00', '2026-07-17 14:30:00', 8, 6, 'AVAILABLE'),
(368, 227, 4, 4, '2026-07-17 14:30:00', '2026-07-17 15:00:00', 8, 5, 'AVAILABLE'),
(369, 227, 4, 4, '2026-07-17 15:00:00', '2026-07-17 15:30:00', 8, 3, 'AVAILABLE'),
(370, 227, 4, 4, '2026-07-17 15:30:00', '2026-07-17 16:00:00', 8, 1, 'AVAILABLE'),
(371, 227, 4, 4, '2026-07-17 16:00:00', '2026-07-17 16:30:00', 8, 1, 'AVAILABLE'),
(372, 227, 4, 4, '2026-07-17 16:30:00', '2026-07-17 17:00:00', 8, 1, 'AVAILABLE'),
(373, 227, 4, 4, '2026-07-17 17:00:00', '2026-07-17 17:30:00', 8, 1, 'AVAILABLE'),
(374, 228, 4, 4, '2026-07-20 08:00:00', '2026-07-20 08:30:00', 12, 12, 'AVAILABLE'),
(375, 228, 4, 4, '2026-07-20 08:30:00', '2026-07-20 09:00:00', 12, 10, 'AVAILABLE'),
(376, 228, 4, 4, '2026-07-20 09:00:00', '2026-07-20 09:30:00', 12, 9, 'AVAILABLE'),
(377, 228, 4, 4, '2026-07-20 09:30:00', '2026-07-20 10:00:00', 12, 7, 'AVAILABLE'),
(378, 228, 4, 4, '2026-07-20 10:00:00', '2026-07-20 10:30:00', 12, 5, 'AVAILABLE'),
(379, 228, 4, 4, '2026-07-20 10:30:00', '2026-07-20 11:00:00', 12, 5, 'AVAILABLE'),
(380, 228, 4, 4, '2026-07-20 11:00:00', '2026-07-20 11:30:00', 12, 4, 'AVAILABLE'),
(381, 228, 4, 4, '2026-07-20 11:30:00', '2026-07-20 12:00:00', 12, 2, 'AVAILABLE'),
(382, 229, 5, 4, '2026-07-01 14:00:00', '2026-07-01 14:30:00', 8, 8, 'AVAILABLE'),
(383, 229, 5, 4, '2026-07-01 14:30:00', '2026-07-01 15:00:00', 8, 8, 'AVAILABLE'),
(384, 229, 5, 4, '2026-07-01 15:00:00', '2026-07-01 15:30:00', 8, 7, 'AVAILABLE'),
(385, 229, 5, 4, '2026-07-01 15:30:00', '2026-07-01 16:00:00', 8, 5, 'AVAILABLE'),
(386, 229, 5, 4, '2026-07-01 16:00:00', '2026-07-01 16:30:00', 8, 4, 'AVAILABLE'),
(387, 229, 5, 4, '2026-07-01 16:30:00', '2026-07-01 17:00:00', 8, 3, 'AVAILABLE'),
(388, 229, 5, 4, '2026-07-01 17:00:00', '2026-07-01 17:30:00', 8, 2, 'AVAILABLE'),
(389, 230, 5, 4, '2026-07-03 08:00:00', '2026-07-03 08:30:00', 8, 6, 'AVAILABLE'),
(390, 230, 5, 4, '2026-07-03 08:30:00', '2026-07-03 09:00:00', 8, 6, 'AVAILABLE'),
(391, 230, 5, 4, '2026-07-03 09:00:00', '2026-07-03 09:30:00', 8, 5, 'AVAILABLE'),
(392, 230, 5, 4, '2026-07-03 09:30:00', '2026-07-03 10:00:00', 8, 4, 'AVAILABLE'),
(393, 230, 5, 4, '2026-07-03 10:00:00', '2026-07-03 10:30:00', 8, 2, 'AVAILABLE'),
(394, 230, 5, 4, '2026-07-03 10:30:00', '2026-07-03 11:00:00', 8, 0, 'FULL'),
(395, 230, 5, 4, '2026-07-03 11:00:00', '2026-07-03 11:30:00', 8, 0, 'FULL'),
(396, 230, 5, 4, '2026-07-03 11:30:00', '2026-07-03 12:00:00', 8, 0, 'FULL'),
(397, 231, 5, 4, '2026-07-06 08:00:00', '2026-07-06 08:30:00', 8, 7, 'AVAILABLE'),
(398, 231, 5, 4, '2026-07-06 08:30:00', '2026-07-06 09:00:00', 8, 6, 'AVAILABLE'),
(399, 231, 5, 4, '2026-07-06 09:00:00', '2026-07-06 09:30:00', 8, 4, 'AVAILABLE'),
(400, 231, 5, 4, '2026-07-06 09:30:00', '2026-07-06 10:00:00', 8, 3, 'AVAILABLE'),
(401, 231, 5, 4, '2026-07-06 10:00:00', '2026-07-06 10:30:00', 8, 1, 'AVAILABLE'),
(402, 231, 5, 4, '2026-07-06 10:30:00', '2026-07-06 11:00:00', 8, 0, 'FULL'),
(403, 231, 5, 4, '2026-07-06 11:00:00', '2026-07-06 11:30:00', 8, 0, 'FULL'),
(404, 231, 5, 4, '2026-07-06 11:30:00', '2026-07-06 12:00:00', 8, 0, 'FULL'),
(405, 232, 5, 4, '2026-07-07 08:00:00', '2026-07-07 08:30:00', 10, 9, 'AVAILABLE'),
(406, 232, 5, 4, '2026-07-07 08:30:00', '2026-07-07 09:00:00', 10, 8, 'AVAILABLE'),
(407, 232, 5, 4, '2026-07-07 09:00:00', '2026-07-07 09:30:00', 10, 8, 'AVAILABLE'),
(408, 232, 5, 4, '2026-07-07 09:30:00', '2026-07-07 10:00:00', 10, 7, 'AVAILABLE'),
(409, 232, 5, 4, '2026-07-07 10:00:00', '2026-07-07 10:30:00', 10, 6, 'AVAILABLE'),
(410, 232, 5, 4, '2026-07-07 10:30:00', '2026-07-07 11:00:00', 10, 6, 'AVAILABLE'),
(411, 232, 5, 4, '2026-07-07 11:00:00', '2026-07-07 11:30:00', 10, 6, 'AVAILABLE'),
(412, 232, 5, 4, '2026-07-07 11:30:00', '2026-07-07 12:00:00', 10, 5, 'AVAILABLE'),
(413, 233, 5, 4, '2026-07-09 08:00:00', '2026-07-09 08:30:00', 10, 8, 'AVAILABLE'),
(414, 233, 5, 4, '2026-07-09 08:30:00', '2026-07-09 09:00:00', 10, 7, 'AVAILABLE'),
(415, 233, 5, 4, '2026-07-09 09:00:00', '2026-07-09 09:30:00', 10, 5, 'AVAILABLE'),
(416, 233, 5, 4, '2026-07-09 09:30:00', '2026-07-09 10:00:00', 10, 4, 'AVAILABLE'),
(417, 233, 5, 4, '2026-07-09 10:00:00', '2026-07-09 10:30:00', 10, 2, 'AVAILABLE'),
(418, 233, 5, 4, '2026-07-09 10:30:00', '2026-07-09 11:00:00', 10, 1, 'AVAILABLE'),
(419, 233, 5, 4, '2026-07-09 11:00:00', '2026-07-09 11:30:00', 10, 1, 'AVAILABLE'),
(420, 233, 5, 4, '2026-07-09 11:30:00', '2026-07-09 12:00:00', 10, 0, 'FULL'),
(421, 234, 5, 4, '2026-07-10 14:00:00', '2026-07-10 14:30:00', 12, 11, 'AVAILABLE'),
(422, 234, 5, 4, '2026-07-10 14:30:00', '2026-07-10 15:00:00', 12, 10, 'AVAILABLE'),
(423, 234, 5, 4, '2026-07-10 15:00:00', '2026-07-10 15:30:00', 12, 10, 'AVAILABLE'),
(424, 234, 5, 4, '2026-07-10 15:30:00', '2026-07-10 16:00:00', 12, 8, 'AVAILABLE'),
(425, 234, 5, 4, '2026-07-10 16:00:00', '2026-07-10 16:30:00', 12, 6, 'AVAILABLE'),
(426, 234, 5, 4, '2026-07-10 16:30:00', '2026-07-10 17:00:00', 12, 4, 'AVAILABLE'),
(427, 234, 5, 4, '2026-07-10 17:00:00', '2026-07-10 17:30:00', 12, 4, 'AVAILABLE'),
(428, 235, 5, 4, '2026-07-13 08:00:00', '2026-07-13 08:30:00', 12, 10, 'AVAILABLE'),
(429, 235, 5, 4, '2026-07-13 08:30:00', '2026-07-13 09:00:00', 12, 8, 'AVAILABLE'),
(430, 235, 5, 4, '2026-07-13 09:00:00', '2026-07-13 09:30:00', 12, 7, 'AVAILABLE'),
(431, 235, 5, 4, '2026-07-13 09:30:00', '2026-07-13 10:00:00', 12, 6, 'AVAILABLE'),
(432, 235, 5, 4, '2026-07-13 10:00:00', '2026-07-13 10:30:00', 12, 6, 'AVAILABLE'),
(433, 235, 5, 4, '2026-07-13 10:30:00', '2026-07-13 11:00:00', 12, 4, 'AVAILABLE'),
(434, 235, 5, 4, '2026-07-13 11:00:00', '2026-07-13 11:30:00', 12, 3, 'AVAILABLE'),
(435, 235, 5, 4, '2026-07-13 11:30:00', '2026-07-13 12:00:00', 12, 3, 'AVAILABLE'),
(436, 236, 5, 4, '2026-07-15 14:00:00', '2026-07-15 14:30:00', 10, 8, 'AVAILABLE'),
(437, 236, 5, 4, '2026-07-15 14:30:00', '2026-07-15 15:00:00', 10, 8, 'AVAILABLE'),
(438, 236, 5, 4, '2026-07-15 15:00:00', '2026-07-15 15:30:00', 10, 6, 'AVAILABLE'),
(439, 236, 5, 4, '2026-07-15 15:30:00', '2026-07-15 16:00:00', 10, 5, 'AVAILABLE'),
(440, 236, 5, 4, '2026-07-15 16:00:00', '2026-07-15 16:30:00', 10, 3, 'AVAILABLE'),
(441, 236, 5, 4, '2026-07-15 16:30:00', '2026-07-15 17:00:00', 10, 1, 'AVAILABLE'),
(442, 236, 5, 4, '2026-07-15 17:00:00', '2026-07-15 17:30:00', 10, 0, 'FULL'),
(443, 237, 5, 4, '2026-07-16 14:00:00', '2026-07-16 14:30:00', 8, 6, 'AVAILABLE'),
(444, 237, 5, 4, '2026-07-16 14:30:00', '2026-07-16 15:00:00', 8, 6, 'AVAILABLE'),
(445, 237, 5, 4, '2026-07-16 15:00:00', '2026-07-16 15:30:00', 8, 4, 'AVAILABLE'),
(446, 237, 5, 4, '2026-07-16 15:30:00', '2026-07-16 16:00:00', 8, 4, 'AVAILABLE'),
(447, 237, 5, 4, '2026-07-16 16:00:00', '2026-07-16 16:30:00', 8, 2, 'AVAILABLE'),
(448, 237, 5, 4, '2026-07-16 16:30:00', '2026-07-16 17:00:00', 8, 0, 'FULL'),
(449, 237, 5, 4, '2026-07-16 17:00:00', '2026-07-16 17:30:00', 8, 0, 'FULL'),
(450, 238, 5, 4, '2026-07-21 08:00:00', '2026-07-21 08:30:00', 12, 11, 'AVAILABLE'),
(451, 238, 5, 4, '2026-07-21 08:30:00', '2026-07-21 09:00:00', 12, 10, 'AVAILABLE'),
(452, 238, 5, 4, '2026-07-21 09:00:00', '2026-07-21 09:30:00', 12, 10, 'AVAILABLE'),
(453, 238, 5, 4, '2026-07-21 09:30:00', '2026-07-21 10:00:00', 12, 8, 'AVAILABLE'),
(454, 238, 5, 4, '2026-07-21 10:00:00', '2026-07-21 10:30:00', 12, 7, 'AVAILABLE'),
(455, 238, 5, 4, '2026-07-21 10:30:00', '2026-07-21 11:00:00', 12, 5, 'AVAILABLE'),
(456, 238, 5, 4, '2026-07-21 11:00:00', '2026-07-21 11:30:00', 12, 5, 'AVAILABLE'),
(457, 238, 5, 4, '2026-07-21 11:30:00', '2026-07-21 12:00:00', 12, 5, 'AVAILABLE'),
(458, 239, 6, 5, '2026-07-02 08:00:00', '2026-07-02 08:30:00', 8, 7, 'AVAILABLE'),
(459, 239, 6, 5, '2026-07-02 08:30:00', '2026-07-02 09:00:00', 8, 6, 'AVAILABLE'),
(460, 239, 6, 5, '2026-07-02 09:00:00', '2026-07-02 09:30:00', 8, 4, 'AVAILABLE'),
(461, 239, 6, 5, '2026-07-02 09:30:00', '2026-07-02 10:00:00', 8, 3, 'AVAILABLE'),
(462, 239, 6, 5, '2026-07-02 10:00:00', '2026-07-02 10:30:00', 8, 3, 'AVAILABLE'),
(463, 239, 6, 5, '2026-07-02 10:30:00', '2026-07-02 11:00:00', 8, 3, 'AVAILABLE'),
(464, 239, 6, 5, '2026-07-02 11:00:00', '2026-07-02 11:30:00', 8, 3, 'AVAILABLE'),
(465, 239, 6, 5, '2026-07-02 11:30:00', '2026-07-02 12:00:00', 8, 1, 'AVAILABLE'),
(466, 240, 6, 5, '2026-07-03 14:00:00', '2026-07-03 14:30:00', 8, 7, 'AVAILABLE'),
(467, 240, 6, 5, '2026-07-03 14:30:00', '2026-07-03 15:00:00', 8, 5, 'AVAILABLE'),
(468, 240, 6, 5, '2026-07-03 15:00:00', '2026-07-03 15:30:00', 8, 3, 'AVAILABLE'),
(469, 240, 6, 5, '2026-07-03 15:30:00', '2026-07-03 16:00:00', 8, 2, 'AVAILABLE'),
(470, 240, 6, 5, '2026-07-03 16:00:00', '2026-07-03 16:30:00', 8, 2, 'AVAILABLE'),
(471, 240, 6, 5, '2026-07-03 16:30:00', '2026-07-03 17:00:00', 8, 1, 'AVAILABLE'),
(472, 240, 6, 5, '2026-07-03 17:00:00', '2026-07-03 17:30:00', 8, 0, 'FULL'),
(473, 241, 6, 5, '2026-07-06 08:00:00', '2026-07-06 08:30:00', 12, 11, 'AVAILABLE'),
(474, 241, 6, 5, '2026-07-06 08:30:00', '2026-07-06 09:00:00', 12, 9, 'AVAILABLE'),
(475, 241, 6, 5, '2026-07-06 09:00:00', '2026-07-06 09:30:00', 12, 8, 'AVAILABLE'),
(476, 241, 6, 5, '2026-07-06 09:30:00', '2026-07-06 10:00:00', 12, 8, 'AVAILABLE'),
(477, 241, 6, 5, '2026-07-06 10:00:00', '2026-07-06 10:30:00', 12, 7, 'AVAILABLE'),
(478, 241, 6, 5, '2026-07-06 10:30:00', '2026-07-06 11:00:00', 12, 7, 'AVAILABLE'),
(479, 241, 6, 5, '2026-07-06 11:00:00', '2026-07-06 11:30:00', 12, 7, 'AVAILABLE'),
(480, 241, 6, 5, '2026-07-06 11:30:00', '2026-07-06 12:00:00', 12, 7, 'AVAILABLE'),
(481, 242, 6, 5, '2026-07-08 14:00:00', '2026-07-08 14:30:00', 8, 6, 'AVAILABLE'),
(482, 242, 6, 5, '2026-07-08 14:30:00', '2026-07-08 15:00:00', 8, 4, 'AVAILABLE'),
(483, 242, 6, 5, '2026-07-08 15:00:00', '2026-07-08 15:30:00', 8, 2, 'AVAILABLE'),
(484, 242, 6, 5, '2026-07-08 15:30:00', '2026-07-08 16:00:00', 8, 1, 'AVAILABLE'),
(485, 242, 6, 5, '2026-07-08 16:00:00', '2026-07-08 16:30:00', 8, 0, 'FULL'),
(486, 242, 6, 5, '2026-07-08 16:30:00', '2026-07-08 17:00:00', 8, 0, 'FULL'),
(487, 242, 6, 5, '2026-07-08 17:00:00', '2026-07-08 17:30:00', 8, 0, 'FULL'),
(488, 243, 6, 5, '2026-07-09 08:00:00', '2026-07-09 08:30:00', 8, 7, 'AVAILABLE'),
(489, 243, 6, 5, '2026-07-09 08:30:00', '2026-07-09 09:00:00', 8, 7, 'AVAILABLE'),
(490, 243, 6, 5, '2026-07-09 09:00:00', '2026-07-09 09:30:00', 8, 6, 'AVAILABLE'),
(491, 243, 6, 5, '2026-07-09 09:30:00', '2026-07-09 10:00:00', 8, 4, 'AVAILABLE'),
(492, 243, 6, 5, '2026-07-09 10:00:00', '2026-07-09 10:30:00', 8, 4, 'AVAILABLE'),
(493, 243, 6, 5, '2026-07-09 10:30:00', '2026-07-09 11:00:00', 8, 3, 'AVAILABLE'),
(494, 243, 6, 5, '2026-07-09 11:00:00', '2026-07-09 11:30:00', 8, 2, 'AVAILABLE'),
(495, 243, 6, 5, '2026-07-09 11:30:00', '2026-07-09 12:00:00', 8, 0, 'FULL'),
(496, 244, 6, 5, '2026-07-14 14:00:00', '2026-07-14 14:30:00', 8, 6, 'AVAILABLE'),
(497, 244, 6, 5, '2026-07-14 14:30:00', '2026-07-14 15:00:00', 8, 4, 'AVAILABLE'),
(498, 244, 6, 5, '2026-07-14 15:00:00', '2026-07-14 15:30:00', 8, 3, 'AVAILABLE'),
(499, 244, 6, 5, '2026-07-14 15:30:00', '2026-07-14 16:00:00', 8, 1, 'AVAILABLE'),
(500, 244, 6, 5, '2026-07-14 16:00:00', '2026-07-14 16:30:00', 8, 0, 'FULL'),
(501, 244, 6, 5, '2026-07-14 16:30:00', '2026-07-14 17:00:00', 8, 0, 'FULL'),
(502, 244, 6, 5, '2026-07-14 17:00:00', '2026-07-14 17:30:00', 8, 0, 'FULL'),
(503, 245, 6, 5, '2026-07-15 14:00:00', '2026-07-15 14:30:00', 12, 12, 'AVAILABLE'),
(504, 245, 6, 5, '2026-07-15 14:30:00', '2026-07-15 15:00:00', 12, 10, 'AVAILABLE'),
(505, 245, 6, 5, '2026-07-15 15:00:00', '2026-07-15 15:30:00', 12, 10, 'AVAILABLE'),
(506, 245, 6, 5, '2026-07-15 15:30:00', '2026-07-15 16:00:00', 12, 9, 'AVAILABLE'),
(507, 245, 6, 5, '2026-07-15 16:00:00', '2026-07-15 16:30:00', 12, 9, 'AVAILABLE'),
(508, 245, 6, 5, '2026-07-15 16:30:00', '2026-07-15 17:00:00', 12, 7, 'AVAILABLE'),
(509, 245, 6, 5, '2026-07-15 17:00:00', '2026-07-15 17:30:00', 12, 5, 'AVAILABLE'),
(510, 246, 6, 5, '2026-07-17 14:00:00', '2026-07-17 14:30:00', 10, 9, 'AVAILABLE'),
(511, 246, 6, 5, '2026-07-17 14:30:00', '2026-07-17 15:00:00', 10, 7, 'AVAILABLE'),
(512, 246, 6, 5, '2026-07-17 15:00:00', '2026-07-17 15:30:00', 10, 7, 'AVAILABLE'),
(513, 246, 6, 5, '2026-07-17 15:30:00', '2026-07-17 16:00:00', 10, 5, 'AVAILABLE'),
(514, 246, 6, 5, '2026-07-17 16:00:00', '2026-07-17 16:30:00', 10, 5, 'AVAILABLE'),
(515, 246, 6, 5, '2026-07-17 16:30:00', '2026-07-17 17:00:00', 10, 3, 'AVAILABLE'),
(516, 246, 6, 5, '2026-07-17 17:00:00', '2026-07-17 17:30:00', 10, 2, 'AVAILABLE'),
(517, 247, 6, 5, '2026-07-20 14:00:00', '2026-07-20 14:30:00', 12, 10, 'AVAILABLE'),
(518, 247, 6, 5, '2026-07-20 14:30:00', '2026-07-20 15:00:00', 12, 9, 'AVAILABLE'),
(519, 247, 6, 5, '2026-07-20 15:00:00', '2026-07-20 15:30:00', 12, 7, 'AVAILABLE'),
(520, 247, 6, 5, '2026-07-20 15:30:00', '2026-07-20 16:00:00', 12, 6, 'AVAILABLE'),
(521, 247, 6, 5, '2026-07-20 16:00:00', '2026-07-20 16:30:00', 12, 6, 'AVAILABLE'),
(522, 247, 6, 5, '2026-07-20 16:30:00', '2026-07-20 17:00:00', 12, 6, 'AVAILABLE'),
(523, 247, 6, 5, '2026-07-20 17:00:00', '2026-07-20 17:30:00', 12, 6, 'AVAILABLE'),
(524, 248, 6, 5, '2026-07-21 14:00:00', '2026-07-21 14:30:00', 8, 8, 'AVAILABLE'),
(525, 248, 6, 5, '2026-07-21 14:30:00', '2026-07-21 15:00:00', 8, 7, 'AVAILABLE'),
(526, 248, 6, 5, '2026-07-21 15:00:00', '2026-07-21 15:30:00', 8, 6, 'AVAILABLE'),
(527, 248, 6, 5, '2026-07-21 15:30:00', '2026-07-21 16:00:00', 8, 6, 'AVAILABLE'),
(528, 248, 6, 5, '2026-07-21 16:00:00', '2026-07-21 16:30:00', 8, 6, 'AVAILABLE'),
(529, 248, 6, 5, '2026-07-21 16:30:00', '2026-07-21 17:00:00', 8, 6, 'AVAILABLE'),
(530, 248, 6, 5, '2026-07-21 17:00:00', '2026-07-21 17:30:00', 8, 4, 'AVAILABLE'),
(531, 249, 7, 5, '2026-07-01 14:00:00', '2026-07-01 14:30:00', 10, 10, 'AVAILABLE'),
(532, 249, 7, 5, '2026-07-01 14:30:00', '2026-07-01 15:00:00', 10, 9, 'AVAILABLE'),
(533, 249, 7, 5, '2026-07-01 15:00:00', '2026-07-01 15:30:00', 10, 8, 'AVAILABLE'),
(534, 249, 7, 5, '2026-07-01 15:30:00', '2026-07-01 16:00:00', 10, 7, 'AVAILABLE'),
(535, 249, 7, 5, '2026-07-01 16:00:00', '2026-07-01 16:30:00', 10, 5, 'AVAILABLE'),
(536, 249, 7, 5, '2026-07-01 16:30:00', '2026-07-01 17:00:00', 10, 3, 'AVAILABLE'),
(537, 249, 7, 5, '2026-07-01 17:00:00', '2026-07-01 17:30:00', 10, 1, 'AVAILABLE'),
(538, 250, 7, 5, '2026-07-02 14:00:00', '2026-07-02 14:30:00', 8, 6, 'AVAILABLE'),
(539, 250, 7, 5, '2026-07-02 14:30:00', '2026-07-02 15:00:00', 8, 5, 'AVAILABLE'),
(540, 250, 7, 5, '2026-07-02 15:00:00', '2026-07-02 15:30:00', 8, 3, 'AVAILABLE'),
(541, 250, 7, 5, '2026-07-02 15:30:00', '2026-07-02 16:00:00', 8, 1, 'AVAILABLE'),
(542, 250, 7, 5, '2026-07-02 16:00:00', '2026-07-02 16:30:00', 8, 0, 'FULL'),
(543, 250, 7, 5, '2026-07-02 16:30:00', '2026-07-02 17:00:00', 8, 0, 'FULL'),
(544, 250, 7, 5, '2026-07-02 17:00:00', '2026-07-02 17:30:00', 8, 0, 'FULL'),
(545, 251, 7, 5, '2026-07-07 14:00:00', '2026-07-07 14:30:00', 12, 10, 'AVAILABLE'),
(546, 251, 7, 5, '2026-07-07 14:30:00', '2026-07-07 15:00:00', 12, 10, 'AVAILABLE'),
(547, 251, 7, 5, '2026-07-07 15:00:00', '2026-07-07 15:30:00', 12, 9, 'AVAILABLE'),
(548, 251, 7, 5, '2026-07-07 15:30:00', '2026-07-07 16:00:00', 12, 7, 'AVAILABLE'),
(549, 251, 7, 5, '2026-07-07 16:00:00', '2026-07-07 16:30:00', 12, 6, 'AVAILABLE'),
(550, 251, 7, 5, '2026-07-07 16:30:00', '2026-07-07 17:00:00', 12, 5, 'AVAILABLE'),
(551, 251, 7, 5, '2026-07-07 17:00:00', '2026-07-07 17:30:00', 12, 5, 'AVAILABLE'),
(552, 252, 7, 5, '2026-07-08 14:00:00', '2026-07-08 14:30:00', 12, 10, 'AVAILABLE'),
(553, 252, 7, 5, '2026-07-08 14:30:00', '2026-07-08 15:00:00', 12, 9, 'AVAILABLE'),
(554, 252, 7, 5, '2026-07-08 15:00:00', '2026-07-08 15:30:00', 12, 9, 'AVAILABLE'),
(555, 252, 7, 5, '2026-07-08 15:30:00', '2026-07-08 16:00:00', 12, 8, 'AVAILABLE'),
(556, 252, 7, 5, '2026-07-08 16:00:00', '2026-07-08 16:30:00', 12, 7, 'AVAILABLE'),
(557, 252, 7, 5, '2026-07-08 16:30:00', '2026-07-08 17:00:00', 12, 7, 'AVAILABLE'),
(558, 252, 7, 5, '2026-07-08 17:00:00', '2026-07-08 17:30:00', 12, 6, 'AVAILABLE'),
(559, 253, 7, 5, '2026-07-10 08:00:00', '2026-07-10 08:30:00', 10, 10, 'AVAILABLE'),
(560, 253, 7, 5, '2026-07-10 08:30:00', '2026-07-10 09:00:00', 10, 8, 'AVAILABLE'),
(561, 253, 7, 5, '2026-07-10 09:00:00', '2026-07-10 09:30:00', 10, 7, 'AVAILABLE'),
(562, 253, 7, 5, '2026-07-10 09:30:00', '2026-07-10 10:00:00', 10, 5, 'AVAILABLE'),
(563, 253, 7, 5, '2026-07-10 10:00:00', '2026-07-10 10:30:00', 10, 3, 'AVAILABLE'),
(564, 253, 7, 5, '2026-07-10 10:30:00', '2026-07-10 11:00:00', 10, 2, 'AVAILABLE'),
(565, 253, 7, 5, '2026-07-10 11:00:00', '2026-07-10 11:30:00', 10, 2, 'AVAILABLE'),
(566, 253, 7, 5, '2026-07-10 11:30:00', '2026-07-10 12:00:00', 10, 1, 'AVAILABLE'),
(567, 254, 7, 5, '2026-07-13 14:00:00', '2026-07-13 14:30:00', 8, 7, 'AVAILABLE'),
(568, 254, 7, 5, '2026-07-13 14:30:00', '2026-07-13 15:00:00', 8, 7, 'AVAILABLE'),
(569, 254, 7, 5, '2026-07-13 15:00:00', '2026-07-13 15:30:00', 8, 7, 'AVAILABLE'),
(570, 254, 7, 5, '2026-07-13 15:30:00', '2026-07-13 16:00:00', 8, 6, 'AVAILABLE'),
(571, 254, 7, 5, '2026-07-13 16:00:00', '2026-07-13 16:30:00', 8, 6, 'AVAILABLE'),
(572, 254, 7, 5, '2026-07-13 16:30:00', '2026-07-13 17:00:00', 8, 4, 'AVAILABLE'),
(573, 254, 7, 5, '2026-07-13 17:00:00', '2026-07-13 17:30:00', 8, 4, 'AVAILABLE'),
(574, 255, 7, 5, '2026-07-14 14:00:00', '2026-07-14 14:30:00', 8, 6, 'AVAILABLE'),
(575, 255, 7, 5, '2026-07-14 14:30:00', '2026-07-14 15:00:00', 8, 4, 'AVAILABLE'),
(576, 255, 7, 5, '2026-07-14 15:00:00', '2026-07-14 15:30:00', 8, 2, 'AVAILABLE'),
(577, 255, 7, 5, '2026-07-14 15:30:00', '2026-07-14 16:00:00', 8, 2, 'AVAILABLE'),
(578, 255, 7, 5, '2026-07-14 16:00:00', '2026-07-14 16:30:00', 8, 2, 'AVAILABLE'),
(579, 255, 7, 5, '2026-07-14 16:30:00', '2026-07-14 17:00:00', 8, 1, 'AVAILABLE'),
(580, 255, 7, 5, '2026-07-14 17:00:00', '2026-07-14 17:30:00', 8, 1, 'AVAILABLE'),
(581, 256, 7, 5, '2026-07-16 14:00:00', '2026-07-16 14:30:00', 10, 10, 'AVAILABLE'),
(582, 256, 7, 5, '2026-07-16 14:30:00', '2026-07-16 15:00:00', 10, 8, 'AVAILABLE'),
(583, 256, 7, 5, '2026-07-16 15:00:00', '2026-07-16 15:30:00', 10, 8, 'AVAILABLE'),
(584, 256, 7, 5, '2026-07-16 15:30:00', '2026-07-16 16:00:00', 10, 8, 'AVAILABLE'),
(585, 256, 7, 5, '2026-07-16 16:00:00', '2026-07-16 16:30:00', 10, 6, 'AVAILABLE'),
(586, 256, 7, 5, '2026-07-16 16:30:00', '2026-07-16 17:00:00', 10, 6, 'AVAILABLE'),
(587, 256, 7, 5, '2026-07-16 17:00:00', '2026-07-16 17:30:00', 10, 4, 'AVAILABLE'),
(588, 257, 7, 5, '2026-07-17 14:00:00', '2026-07-17 14:30:00', 12, 12, 'AVAILABLE'),
(589, 257, 7, 5, '2026-07-17 14:30:00', '2026-07-17 15:00:00', 12, 12, 'AVAILABLE'),
(590, 257, 7, 5, '2026-07-17 15:00:00', '2026-07-17 15:30:00', 12, 11, 'AVAILABLE'),
(591, 257, 7, 5, '2026-07-17 15:30:00', '2026-07-17 16:00:00', 12, 11, 'AVAILABLE'),
(592, 257, 7, 5, '2026-07-17 16:00:00', '2026-07-17 16:30:00', 12, 9, 'AVAILABLE'),
(593, 257, 7, 5, '2026-07-17 16:30:00', '2026-07-17 17:00:00', 12, 9, 'AVAILABLE'),
(594, 257, 7, 5, '2026-07-17 17:00:00', '2026-07-17 17:30:00', 12, 8, 'AVAILABLE'),
(595, 258, 7, 5, '2026-07-20 08:00:00', '2026-07-20 08:30:00', 8, 8, 'AVAILABLE'),
(596, 258, 7, 5, '2026-07-20 08:30:00', '2026-07-20 09:00:00', 8, 8, 'AVAILABLE'),
(597, 258, 7, 5, '2026-07-20 09:00:00', '2026-07-20 09:30:00', 8, 6, 'AVAILABLE'),
(598, 258, 7, 5, '2026-07-20 09:30:00', '2026-07-20 10:00:00', 8, 5, 'AVAILABLE'),
(599, 258, 7, 5, '2026-07-20 10:00:00', '2026-07-20 10:30:00', 8, 5, 'AVAILABLE'),
(600, 258, 7, 5, '2026-07-20 10:30:00', '2026-07-20 11:00:00', 8, 5, 'AVAILABLE'),
(601, 258, 7, 5, '2026-07-20 11:00:00', '2026-07-20 11:30:00', 8, 3, 'AVAILABLE'),
(602, 258, 7, 5, '2026-07-20 11:30:00', '2026-07-20 12:00:00', 8, 3, 'AVAILABLE'),
(603, 259, 8, 1, '2026-07-01 08:00:00', '2026-07-01 08:30:00', 8, 8, 'AVAILABLE'),
(604, 259, 8, 1, '2026-07-01 08:30:00', '2026-07-01 09:00:00', 8, 8, 'AVAILABLE'),
(605, 259, 8, 1, '2026-07-01 09:00:00', '2026-07-01 09:30:00', 8, 7, 'AVAILABLE'),
(606, 259, 8, 1, '2026-07-01 09:30:00', '2026-07-01 10:00:00', 8, 7, 'AVAILABLE'),
(607, 259, 8, 1, '2026-07-01 10:00:00', '2026-07-01 10:30:00', 8, 5, 'AVAILABLE'),
(608, 259, 8, 1, '2026-07-01 10:30:00', '2026-07-01 11:00:00', 8, 4, 'AVAILABLE'),
(609, 259, 8, 1, '2026-07-01 11:00:00', '2026-07-01 11:30:00', 8, 4, 'AVAILABLE'),
(610, 259, 8, 1, '2026-07-01 11:30:00', '2026-07-01 12:00:00', 8, 4, 'AVAILABLE'),
(611, 260, 8, 1, '2026-07-03 14:00:00', '2026-07-03 14:30:00', 12, 11, 'AVAILABLE'),
(612, 260, 8, 1, '2026-07-03 14:30:00', '2026-07-03 15:00:00', 12, 11, 'AVAILABLE'),
(613, 260, 8, 1, '2026-07-03 15:00:00', '2026-07-03 15:30:00', 12, 11, 'AVAILABLE'),
(614, 260, 8, 1, '2026-07-03 15:30:00', '2026-07-03 16:00:00', 12, 9, 'AVAILABLE'),
(615, 260, 8, 1, '2026-07-03 16:00:00', '2026-07-03 16:30:00', 12, 8, 'AVAILABLE'),
(616, 260, 8, 1, '2026-07-03 16:30:00', '2026-07-03 17:00:00', 12, 6, 'AVAILABLE'),
(617, 260, 8, 1, '2026-07-03 17:00:00', '2026-07-03 17:30:00', 12, 6, 'AVAILABLE'),
(618, 261, 8, 1, '2026-07-06 08:00:00', '2026-07-06 08:30:00', 12, 10, 'AVAILABLE'),
(619, 261, 8, 1, '2026-07-06 08:30:00', '2026-07-06 09:00:00', 12, 10, 'AVAILABLE'),
(620, 261, 8, 1, '2026-07-06 09:00:00', '2026-07-06 09:30:00', 12, 9, 'AVAILABLE'),
(621, 261, 8, 1, '2026-07-06 09:30:00', '2026-07-06 10:00:00', 12, 8, 'AVAILABLE'),
(622, 261, 8, 1, '2026-07-06 10:00:00', '2026-07-06 10:30:00', 12, 7, 'AVAILABLE'),
(623, 261, 8, 1, '2026-07-06 10:30:00', '2026-07-06 11:00:00', 12, 5, 'AVAILABLE'),
(624, 261, 8, 1, '2026-07-06 11:00:00', '2026-07-06 11:30:00', 12, 3, 'AVAILABLE'),
(625, 261, 8, 1, '2026-07-06 11:30:00', '2026-07-06 12:00:00', 12, 3, 'AVAILABLE'),
(626, 262, 8, 1, '2026-07-07 08:00:00', '2026-07-07 08:30:00', 8, 7, 'AVAILABLE'),
(627, 262, 8, 1, '2026-07-07 08:30:00', '2026-07-07 09:00:00', 8, 5, 'AVAILABLE'),
(628, 262, 8, 1, '2026-07-07 09:00:00', '2026-07-07 09:30:00', 8, 5, 'AVAILABLE'),
(629, 262, 8, 1, '2026-07-07 09:30:00', '2026-07-07 10:00:00', 8, 3, 'AVAILABLE'),
(630, 262, 8, 1, '2026-07-07 10:00:00', '2026-07-07 10:30:00', 8, 3, 'AVAILABLE'),
(631, 262, 8, 1, '2026-07-07 10:30:00', '2026-07-07 11:00:00', 8, 1, 'AVAILABLE'),
(632, 262, 8, 1, '2026-07-07 11:00:00', '2026-07-07 11:30:00', 8, 0, 'FULL'),
(633, 262, 8, 1, '2026-07-07 11:30:00', '2026-07-07 12:00:00', 8, 0, 'FULL'),
(634, 263, 8, 1, '2026-07-09 14:00:00', '2026-07-09 14:30:00', 10, 9, 'AVAILABLE'),
(635, 263, 8, 1, '2026-07-09 14:30:00', '2026-07-09 15:00:00', 10, 8, 'AVAILABLE'),
(636, 263, 8, 1, '2026-07-09 15:00:00', '2026-07-09 15:30:00', 10, 6, 'AVAILABLE'),
(637, 263, 8, 1, '2026-07-09 15:30:00', '2026-07-09 16:00:00', 10, 6, 'AVAILABLE'),
(638, 263, 8, 1, '2026-07-09 16:00:00', '2026-07-09 16:30:00', 10, 6, 'AVAILABLE'),
(639, 263, 8, 1, '2026-07-09 16:30:00', '2026-07-09 17:00:00', 10, 5, 'AVAILABLE'),
(640, 263, 8, 1, '2026-07-09 17:00:00', '2026-07-09 17:30:00', 10, 4, 'AVAILABLE'),
(641, 264, 8, 1, '2026-07-10 14:00:00', '2026-07-10 14:30:00', 12, 11, 'AVAILABLE'),
(642, 264, 8, 1, '2026-07-10 14:30:00', '2026-07-10 15:00:00', 12, 9, 'AVAILABLE'),
(643, 264, 8, 1, '2026-07-10 15:00:00', '2026-07-10 15:30:00', 12, 9, 'AVAILABLE'),
(644, 264, 8, 1, '2026-07-10 15:30:00', '2026-07-10 16:00:00', 12, 8, 'AVAILABLE'),
(645, 264, 8, 1, '2026-07-10 16:00:00', '2026-07-10 16:30:00', 12, 6, 'AVAILABLE'),
(646, 264, 8, 1, '2026-07-10 16:30:00', '2026-07-10 17:00:00', 12, 5, 'AVAILABLE'),
(647, 264, 8, 1, '2026-07-10 17:00:00', '2026-07-10 17:30:00', 12, 5, 'AVAILABLE'),
(648, 265, 8, 1, '2026-07-13 14:00:00', '2026-07-13 14:30:00', 10, 10, 'AVAILABLE'),
(649, 265, 8, 1, '2026-07-13 14:30:00', '2026-07-13 15:00:00', 10, 9, 'AVAILABLE'),
(650, 265, 8, 1, '2026-07-13 15:00:00', '2026-07-13 15:30:00', 10, 7, 'AVAILABLE'),
(651, 265, 8, 1, '2026-07-13 15:30:00', '2026-07-13 16:00:00', 10, 7, 'AVAILABLE'),
(652, 265, 8, 1, '2026-07-13 16:00:00', '2026-07-13 16:30:00', 10, 7, 'AVAILABLE'),
(653, 265, 8, 1, '2026-07-13 16:30:00', '2026-07-13 17:00:00', 10, 7, 'AVAILABLE'),
(654, 265, 8, 1, '2026-07-13 17:00:00', '2026-07-13 17:30:00', 10, 6, 'AVAILABLE'),
(655, 266, 8, 1, '2026-07-15 08:00:00', '2026-07-15 08:30:00', 8, 6, 'AVAILABLE'),
(656, 266, 8, 1, '2026-07-15 08:30:00', '2026-07-15 09:00:00', 8, 4, 'AVAILABLE'),
(657, 266, 8, 1, '2026-07-15 09:00:00', '2026-07-15 09:30:00', 8, 2, 'AVAILABLE'),
(658, 266, 8, 1, '2026-07-15 09:30:00', '2026-07-15 10:00:00', 8, 0, 'FULL'),
(659, 266, 8, 1, '2026-07-15 10:00:00', '2026-07-15 10:30:00', 8, 0, 'FULL'),
(660, 266, 8, 1, '2026-07-15 10:30:00', '2026-07-15 11:00:00', 8, 0, 'FULL'),
(661, 266, 8, 1, '2026-07-15 11:00:00', '2026-07-15 11:30:00', 8, 0, 'FULL'),
(662, 266, 8, 1, '2026-07-15 11:30:00', '2026-07-15 12:00:00', 8, 0, 'FULL'),
(663, 267, 8, 1, '2026-07-16 14:00:00', '2026-07-16 14:30:00', 10, 8, 'AVAILABLE'),
(664, 267, 8, 1, '2026-07-16 14:30:00', '2026-07-16 15:00:00', 10, 7, 'AVAILABLE'),
(665, 267, 8, 1, '2026-07-16 15:00:00', '2026-07-16 15:30:00', 10, 6, 'AVAILABLE'),
(666, 267, 8, 1, '2026-07-16 15:30:00', '2026-07-16 16:00:00', 10, 4, 'AVAILABLE'),
(667, 267, 8, 1, '2026-07-16 16:00:00', '2026-07-16 16:30:00', 10, 2, 'AVAILABLE'),
(668, 267, 8, 1, '2026-07-16 16:30:00', '2026-07-16 17:00:00', 10, 1, 'AVAILABLE'),
(669, 267, 8, 1, '2026-07-16 17:00:00', '2026-07-16 17:30:00', 10, 1, 'AVAILABLE'),
(670, 268, 8, 1, '2026-07-21 08:00:00', '2026-07-21 08:30:00', 12, 10, 'AVAILABLE'),
(671, 268, 8, 1, '2026-07-21 08:30:00', '2026-07-21 09:00:00', 12, 10, 'AVAILABLE'),
(672, 268, 8, 1, '2026-07-21 09:00:00', '2026-07-21 09:30:00', 12, 8, 'AVAILABLE'),
(673, 268, 8, 1, '2026-07-21 09:30:00', '2026-07-21 10:00:00', 12, 6, 'AVAILABLE'),
(674, 268, 8, 1, '2026-07-21 10:00:00', '2026-07-21 10:30:00', 12, 4, 'AVAILABLE'),
(675, 268, 8, 1, '2026-07-21 10:30:00', '2026-07-21 11:00:00', 12, 2, 'AVAILABLE'),
(676, 268, 8, 1, '2026-07-21 11:00:00', '2026-07-21 11:30:00', 12, 2, 'AVAILABLE'),
(677, 268, 8, 1, '2026-07-21 11:30:00', '2026-07-21 12:00:00', 12, 1, 'AVAILABLE'),
(678, 269, 9, 6, '2026-07-02 14:00:00', '2026-07-02 14:30:00', 10, 9, 'AVAILABLE'),
(679, 269, 9, 6, '2026-07-02 14:30:00', '2026-07-02 15:00:00', 10, 9, 'AVAILABLE'),
(680, 269, 9, 6, '2026-07-02 15:00:00', '2026-07-02 15:30:00', 10, 8, 'AVAILABLE'),
(681, 269, 9, 6, '2026-07-02 15:30:00', '2026-07-02 16:00:00', 10, 7, 'AVAILABLE'),
(682, 269, 9, 6, '2026-07-02 16:00:00', '2026-07-02 16:30:00', 10, 6, 'AVAILABLE'),
(683, 269, 9, 6, '2026-07-02 16:30:00', '2026-07-02 17:00:00', 10, 5, 'AVAILABLE'),
(684, 269, 9, 6, '2026-07-02 17:00:00', '2026-07-02 17:30:00', 10, 4, 'AVAILABLE'),
(685, 270, 9, 6, '2026-07-03 08:00:00', '2026-07-03 08:30:00', 10, 8, 'AVAILABLE'),
(686, 270, 9, 6, '2026-07-03 08:30:00', '2026-07-03 09:00:00', 10, 8, 'AVAILABLE'),
(687, 270, 9, 6, '2026-07-03 09:00:00', '2026-07-03 09:30:00', 10, 7, 'AVAILABLE'),
(688, 270, 9, 6, '2026-07-03 09:30:00', '2026-07-03 10:00:00', 10, 6, 'AVAILABLE'),
(689, 270, 9, 6, '2026-07-03 10:00:00', '2026-07-03 10:30:00', 10, 5, 'AVAILABLE'),
(690, 270, 9, 6, '2026-07-03 10:30:00', '2026-07-03 11:00:00', 10, 3, 'AVAILABLE'),
(691, 270, 9, 6, '2026-07-03 11:00:00', '2026-07-03 11:30:00', 10, 2, 'AVAILABLE'),
(692, 270, 9, 6, '2026-07-03 11:30:00', '2026-07-03 12:00:00', 10, 1, 'AVAILABLE'),
(693, 271, 9, 6, '2026-07-06 14:00:00', '2026-07-06 14:30:00', 10, 10, 'AVAILABLE'),
(694, 271, 9, 6, '2026-07-06 14:30:00', '2026-07-06 15:00:00', 10, 8, 'AVAILABLE'),
(695, 271, 9, 6, '2026-07-06 15:00:00', '2026-07-06 15:30:00', 10, 7, 'AVAILABLE'),
(696, 271, 9, 6, '2026-07-06 15:30:00', '2026-07-06 16:00:00', 10, 7, 'AVAILABLE'),
(697, 271, 9, 6, '2026-07-06 16:00:00', '2026-07-06 16:30:00', 10, 7, 'AVAILABLE'),
(698, 271, 9, 6, '2026-07-06 16:30:00', '2026-07-06 17:00:00', 10, 7, 'AVAILABLE'),
(699, 271, 9, 6, '2026-07-06 17:00:00', '2026-07-06 17:30:00', 10, 7, 'AVAILABLE'),
(700, 272, 9, 6, '2026-07-08 14:00:00', '2026-07-08 14:30:00', 12, 11, 'AVAILABLE'),
(701, 272, 9, 6, '2026-07-08 14:30:00', '2026-07-08 15:00:00', 12, 11, 'AVAILABLE'),
(702, 272, 9, 6, '2026-07-08 15:00:00', '2026-07-08 15:30:00', 12, 9, 'AVAILABLE'),
(703, 272, 9, 6, '2026-07-08 15:30:00', '2026-07-08 16:00:00', 12, 7, 'AVAILABLE'),
(704, 272, 9, 6, '2026-07-08 16:00:00', '2026-07-08 16:30:00', 12, 6, 'AVAILABLE'),
(705, 272, 9, 6, '2026-07-08 16:30:00', '2026-07-08 17:00:00', 12, 6, 'AVAILABLE'),
(706, 272, 9, 6, '2026-07-08 17:00:00', '2026-07-08 17:30:00', 12, 4, 'AVAILABLE'),
(707, 273, 9, 6, '2026-07-09 08:00:00', '2026-07-09 08:30:00', 10, 10, 'AVAILABLE'),
(708, 273, 9, 6, '2026-07-09 08:30:00', '2026-07-09 09:00:00', 10, 8, 'AVAILABLE'),
(709, 273, 9, 6, '2026-07-09 09:00:00', '2026-07-09 09:30:00', 10, 6, 'AVAILABLE'),
(710, 273, 9, 6, '2026-07-09 09:30:00', '2026-07-09 10:00:00', 10, 4, 'AVAILABLE'),
(711, 273, 9, 6, '2026-07-09 10:00:00', '2026-07-09 10:30:00', 10, 3, 'AVAILABLE'),
(712, 273, 9, 6, '2026-07-09 10:30:00', '2026-07-09 11:00:00', 10, 1, 'AVAILABLE'),
(713, 273, 9, 6, '2026-07-09 11:00:00', '2026-07-09 11:30:00', 10, 1, 'AVAILABLE'),
(714, 273, 9, 6, '2026-07-09 11:30:00', '2026-07-09 12:00:00', 10, 0, 'FULL'),
(715, 274, 9, 6, '2026-07-14 08:00:00', '2026-07-14 08:30:00', 10, 9, 'AVAILABLE'),
(716, 274, 9, 6, '2026-07-14 08:30:00', '2026-07-14 09:00:00', 10, 7, 'AVAILABLE'),
(717, 274, 9, 6, '2026-07-14 09:00:00', '2026-07-14 09:30:00', 10, 6, 'AVAILABLE'),
(718, 274, 9, 6, '2026-07-14 09:30:00', '2026-07-14 10:00:00', 10, 4, 'AVAILABLE'),
(719, 274, 9, 6, '2026-07-14 10:00:00', '2026-07-14 10:30:00', 10, 4, 'AVAILABLE'),
(720, 274, 9, 6, '2026-07-14 10:30:00', '2026-07-14 11:00:00', 10, 3, 'AVAILABLE'),
(721, 274, 9, 6, '2026-07-14 11:00:00', '2026-07-14 11:30:00', 10, 1, 'AVAILABLE'),
(722, 274, 9, 6, '2026-07-14 11:30:00', '2026-07-14 12:00:00', 10, 0, 'FULL'),
(723, 275, 9, 6, '2026-07-15 14:00:00', '2026-07-15 14:30:00', 10, 9, 'AVAILABLE'),
(724, 275, 9, 6, '2026-07-15 14:30:00', '2026-07-15 15:00:00', 10, 9, 'AVAILABLE'),
(725, 275, 9, 6, '2026-07-15 15:00:00', '2026-07-15 15:30:00', 10, 7, 'AVAILABLE'),
(726, 275, 9, 6, '2026-07-15 15:30:00', '2026-07-15 16:00:00', 10, 5, 'AVAILABLE'),
(727, 275, 9, 6, '2026-07-15 16:00:00', '2026-07-15 16:30:00', 10, 5, 'AVAILABLE'),
(728, 275, 9, 6, '2026-07-15 16:30:00', '2026-07-15 17:00:00', 10, 5, 'AVAILABLE'),
(729, 275, 9, 6, '2026-07-15 17:00:00', '2026-07-15 17:30:00', 10, 3, 'AVAILABLE'),
(730, 276, 9, 6, '2026-07-17 08:00:00', '2026-07-17 08:30:00', 10, 9, 'AVAILABLE'),
(731, 276, 9, 6, '2026-07-17 08:30:00', '2026-07-17 09:00:00', 10, 9, 'AVAILABLE'),
(732, 276, 9, 6, '2026-07-17 09:00:00', '2026-07-17 09:30:00', 10, 9, 'AVAILABLE'),
(733, 276, 9, 6, '2026-07-17 09:30:00', '2026-07-17 10:00:00', 10, 8, 'AVAILABLE'),
(734, 276, 9, 6, '2026-07-17 10:00:00', '2026-07-17 10:30:00', 10, 6, 'AVAILABLE'),
(735, 276, 9, 6, '2026-07-17 10:30:00', '2026-07-17 11:00:00', 10, 5, 'AVAILABLE'),
(736, 276, 9, 6, '2026-07-17 11:00:00', '2026-07-17 11:30:00', 10, 5, 'AVAILABLE'),
(737, 276, 9, 6, '2026-07-17 11:30:00', '2026-07-17 12:00:00', 10, 4, 'AVAILABLE'),
(738, 277, 9, 6, '2026-07-20 14:00:00', '2026-07-20 14:30:00', 12, 10, 'AVAILABLE'),
(739, 277, 9, 6, '2026-07-20 14:30:00', '2026-07-20 15:00:00', 12, 10, 'AVAILABLE'),
(740, 277, 9, 6, '2026-07-20 15:00:00', '2026-07-20 15:30:00', 12, 9, 'AVAILABLE'),
(741, 277, 9, 6, '2026-07-20 15:30:00', '2026-07-20 16:00:00', 12, 7, 'AVAILABLE'),
(742, 277, 9, 6, '2026-07-20 16:00:00', '2026-07-20 16:30:00', 12, 5, 'AVAILABLE'),
(743, 277, 9, 6, '2026-07-20 16:30:00', '2026-07-20 17:00:00', 12, 3, 'AVAILABLE'),
(744, 277, 9, 6, '2026-07-20 17:00:00', '2026-07-20 17:30:00', 12, 1, 'AVAILABLE'),
(745, 278, 9, 6, '2026-07-21 14:00:00', '2026-07-21 14:30:00', 12, 10, 'AVAILABLE'),
(746, 278, 9, 6, '2026-07-21 14:30:00', '2026-07-21 15:00:00', 12, 8, 'AVAILABLE'),
(747, 278, 9, 6, '2026-07-21 15:00:00', '2026-07-21 15:30:00', 12, 8, 'AVAILABLE'),
(748, 278, 9, 6, '2026-07-21 15:30:00', '2026-07-21 16:00:00', 12, 6, 'AVAILABLE'),
(749, 278, 9, 6, '2026-07-21 16:00:00', '2026-07-21 16:30:00', 12, 4, 'AVAILABLE'),
(750, 278, 9, 6, '2026-07-21 16:30:00', '2026-07-21 17:00:00', 12, 2, 'AVAILABLE'),
(751, 278, 9, 6, '2026-07-21 17:00:00', '2026-07-21 17:30:00', 12, 1, 'AVAILABLE'),
(752, 279, 10, 6, '2026-07-01 08:00:00', '2026-07-01 08:30:00', 10, 10, 'AVAILABLE'),
(753, 279, 10, 6, '2026-07-01 08:30:00', '2026-07-01 09:00:00', 10, 10, 'AVAILABLE'),
(754, 279, 10, 6, '2026-07-01 09:00:00', '2026-07-01 09:30:00', 10, 9, 'AVAILABLE'),
(755, 279, 10, 6, '2026-07-01 09:30:00', '2026-07-01 10:00:00', 10, 7, 'AVAILABLE'),
(756, 279, 10, 6, '2026-07-01 10:00:00', '2026-07-01 10:30:00', 10, 6, 'AVAILABLE'),
(757, 279, 10, 6, '2026-07-01 10:30:00', '2026-07-01 11:00:00', 10, 5, 'AVAILABLE'),
(758, 279, 10, 6, '2026-07-01 11:00:00', '2026-07-01 11:30:00', 10, 4, 'AVAILABLE'),
(759, 279, 10, 6, '2026-07-01 11:30:00', '2026-07-01 12:00:00', 10, 4, 'AVAILABLE'),
(760, 280, 10, 6, '2026-07-02 08:00:00', '2026-07-02 08:30:00', 12, 12, 'AVAILABLE'),
(761, 280, 10, 6, '2026-07-02 08:30:00', '2026-07-02 09:00:00', 12, 12, 'AVAILABLE'),
(762, 280, 10, 6, '2026-07-02 09:00:00', '2026-07-02 09:30:00', 12, 10, 'AVAILABLE'),
(763, 280, 10, 6, '2026-07-02 09:30:00', '2026-07-02 10:00:00', 12, 8, 'AVAILABLE'),
(764, 280, 10, 6, '2026-07-02 10:00:00', '2026-07-02 10:30:00', 12, 7, 'AVAILABLE'),
(765, 280, 10, 6, '2026-07-02 10:30:00', '2026-07-02 11:00:00', 12, 7, 'AVAILABLE'),
(766, 280, 10, 6, '2026-07-02 11:00:00', '2026-07-02 11:30:00', 12, 7, 'AVAILABLE'),
(767, 280, 10, 6, '2026-07-02 11:30:00', '2026-07-02 12:00:00', 12, 5, 'AVAILABLE'),
(768, 281, 10, 6, '2026-07-07 08:00:00', '2026-07-07 08:30:00', 10, 8, 'AVAILABLE'),
(769, 281, 10, 6, '2026-07-07 08:30:00', '2026-07-07 09:00:00', 10, 8, 'AVAILABLE'),
(770, 281, 10, 6, '2026-07-07 09:00:00', '2026-07-07 09:30:00', 10, 8, 'AVAILABLE'),
(771, 281, 10, 6, '2026-07-07 09:30:00', '2026-07-07 10:00:00', 10, 6, 'AVAILABLE'),
(772, 281, 10, 6, '2026-07-07 10:00:00', '2026-07-07 10:30:00', 10, 4, 'AVAILABLE'),
(773, 281, 10, 6, '2026-07-07 10:30:00', '2026-07-07 11:00:00', 10, 4, 'AVAILABLE'),
(774, 281, 10, 6, '2026-07-07 11:00:00', '2026-07-07 11:30:00', 10, 3, 'AVAILABLE'),
(775, 281, 10, 6, '2026-07-07 11:30:00', '2026-07-07 12:00:00', 10, 2, 'AVAILABLE'),
(776, 282, 10, 6, '2026-07-08 08:00:00', '2026-07-08 08:30:00', 8, 7, 'AVAILABLE'),
(777, 282, 10, 6, '2026-07-08 08:30:00', '2026-07-08 09:00:00', 8, 6, 'AVAILABLE'),
(778, 282, 10, 6, '2026-07-08 09:00:00', '2026-07-08 09:30:00', 8, 6, 'AVAILABLE'),
(779, 282, 10, 6, '2026-07-08 09:30:00', '2026-07-08 10:00:00', 8, 5, 'AVAILABLE'),
(780, 282, 10, 6, '2026-07-08 10:00:00', '2026-07-08 10:30:00', 8, 4, 'AVAILABLE'),
(781, 282, 10, 6, '2026-07-08 10:30:00', '2026-07-08 11:00:00', 8, 2, 'AVAILABLE'),
(782, 282, 10, 6, '2026-07-08 11:00:00', '2026-07-08 11:30:00', 8, 1, 'AVAILABLE'),
(783, 282, 10, 6, '2026-07-08 11:30:00', '2026-07-08 12:00:00', 8, 0, 'FULL'),
(784, 283, 10, 6, '2026-07-10 14:00:00', '2026-07-10 14:30:00', 8, 6, 'AVAILABLE'),
(785, 283, 10, 6, '2026-07-10 14:30:00', '2026-07-10 15:00:00', 8, 6, 'AVAILABLE'),
(786, 283, 10, 6, '2026-07-10 15:00:00', '2026-07-10 15:30:00', 8, 6, 'AVAILABLE'),
(787, 283, 10, 6, '2026-07-10 15:30:00', '2026-07-10 16:00:00', 8, 6, 'AVAILABLE'),
(788, 283, 10, 6, '2026-07-10 16:00:00', '2026-07-10 16:30:00', 8, 6, 'AVAILABLE'),
(789, 283, 10, 6, '2026-07-10 16:30:00', '2026-07-10 17:00:00', 8, 4, 'AVAILABLE'),
(790, 283, 10, 6, '2026-07-10 17:00:00', '2026-07-10 17:30:00', 8, 4, 'AVAILABLE'),
(791, 284, 10, 6, '2026-07-13 14:00:00', '2026-07-13 14:30:00', 8, 6, 'AVAILABLE'),
(792, 284, 10, 6, '2026-07-13 14:30:00', '2026-07-13 15:00:00', 8, 6, 'AVAILABLE'),
(793, 284, 10, 6, '2026-07-13 15:00:00', '2026-07-13 15:30:00', 8, 5, 'AVAILABLE'),
(794, 284, 10, 6, '2026-07-13 15:30:00', '2026-07-13 16:00:00', 8, 4, 'AVAILABLE'),
(795, 284, 10, 6, '2026-07-13 16:00:00', '2026-07-13 16:30:00', 8, 2, 'AVAILABLE'),
(796, 284, 10, 6, '2026-07-13 16:30:00', '2026-07-13 17:00:00', 8, 1, 'AVAILABLE'),
(797, 284, 10, 6, '2026-07-13 17:00:00', '2026-07-13 17:30:00', 8, 0, 'FULL'),
(798, 285, 10, 6, '2026-07-14 08:00:00', '2026-07-14 08:30:00', 10, 8, 'AVAILABLE'),
(799, 285, 10, 6, '2026-07-14 08:30:00', '2026-07-14 09:00:00', 10, 7, 'AVAILABLE'),
(800, 285, 10, 6, '2026-07-14 09:00:00', '2026-07-14 09:30:00', 10, 6, 'AVAILABLE'),
(801, 285, 10, 6, '2026-07-14 09:30:00', '2026-07-14 10:00:00', 10, 5, 'AVAILABLE'),
(802, 285, 10, 6, '2026-07-14 10:00:00', '2026-07-14 10:30:00', 10, 5, 'AVAILABLE'),
(803, 285, 10, 6, '2026-07-14 10:30:00', '2026-07-14 11:00:00', 10, 3, 'AVAILABLE'),
(804, 285, 10, 6, '2026-07-14 11:00:00', '2026-07-14 11:30:00', 10, 3, 'AVAILABLE'),
(805, 285, 10, 6, '2026-07-14 11:30:00', '2026-07-14 12:00:00', 10, 2, 'AVAILABLE'),
(806, 286, 10, 6, '2026-07-16 14:00:00', '2026-07-16 14:30:00', 10, 9, 'AVAILABLE'),
(807, 286, 10, 6, '2026-07-16 14:30:00', '2026-07-16 15:00:00', 10, 9, 'AVAILABLE'),
(808, 286, 10, 6, '2026-07-16 15:00:00', '2026-07-16 15:30:00', 10, 8, 'AVAILABLE'),
(809, 286, 10, 6, '2026-07-16 15:30:00', '2026-07-16 16:00:00', 10, 6, 'AVAILABLE'),
(810, 286, 10, 6, '2026-07-16 16:00:00', '2026-07-16 16:30:00', 10, 4, 'AVAILABLE'),
(811, 286, 10, 6, '2026-07-16 16:30:00', '2026-07-16 17:00:00', 10, 2, 'AVAILABLE'),
(812, 286, 10, 6, '2026-07-16 17:00:00', '2026-07-16 17:30:00', 10, 1, 'AVAILABLE'),
(813, 287, 10, 6, '2026-07-17 08:00:00', '2026-07-17 08:30:00', 10, 8, 'AVAILABLE'),
(814, 287, 10, 6, '2026-07-17 08:30:00', '2026-07-17 09:00:00', 10, 6, 'AVAILABLE'),
(815, 287, 10, 6, '2026-07-17 09:00:00', '2026-07-17 09:30:00', 10, 5, 'AVAILABLE'),
(816, 287, 10, 6, '2026-07-17 09:30:00', '2026-07-17 10:00:00', 10, 5, 'AVAILABLE'),
(817, 287, 10, 6, '2026-07-17 10:00:00', '2026-07-17 10:30:00', 10, 5, 'AVAILABLE'),
(818, 287, 10, 6, '2026-07-17 10:30:00', '2026-07-17 11:00:00', 10, 4, 'AVAILABLE'),
(819, 287, 10, 6, '2026-07-17 11:00:00', '2026-07-17 11:30:00', 10, 2, 'AVAILABLE'),
(820, 287, 10, 6, '2026-07-17 11:30:00', '2026-07-17 12:00:00', 10, 2, 'AVAILABLE'),
(821, 288, 10, 6, '2026-07-20 14:00:00', '2026-07-20 14:30:00', 10, 10, 'AVAILABLE'),
(822, 288, 10, 6, '2026-07-20 14:30:00', '2026-07-20 15:00:00', 10, 10, 'AVAILABLE'),
(823, 288, 10, 6, '2026-07-20 15:00:00', '2026-07-20 15:30:00', 10, 9, 'AVAILABLE'),
(824, 288, 10, 6, '2026-07-20 15:30:00', '2026-07-20 16:00:00', 10, 9, 'AVAILABLE'),
(825, 288, 10, 6, '2026-07-20 16:00:00', '2026-07-20 16:30:00', 10, 9, 'AVAILABLE'),
(826, 288, 10, 6, '2026-07-20 16:30:00', '2026-07-20 17:00:00', 10, 8, 'AVAILABLE'),
(827, 288, 10, 6, '2026-07-20 17:00:00', '2026-07-20 17:30:00', 10, 7, 'AVAILABLE'),
(828, 289, 11, 7, '2026-07-01 14:00:00', '2026-07-01 14:30:00', 10, 9, 'AVAILABLE'),
(829, 289, 11, 7, '2026-07-01 14:30:00', '2026-07-01 15:00:00', 10, 9, 'AVAILABLE'),
(830, 289, 11, 7, '2026-07-01 15:00:00', '2026-07-01 15:30:00', 10, 9, 'AVAILABLE'),
(831, 289, 11, 7, '2026-07-01 15:30:00', '2026-07-01 16:00:00', 10, 8, 'AVAILABLE'),
(832, 289, 11, 7, '2026-07-01 16:00:00', '2026-07-01 16:30:00', 10, 6, 'AVAILABLE'),
(833, 289, 11, 7, '2026-07-01 16:30:00', '2026-07-01 17:00:00', 10, 5, 'AVAILABLE'),
(834, 289, 11, 7, '2026-07-01 17:00:00', '2026-07-01 17:30:00', 10, 5, 'AVAILABLE'),
(835, 290, 11, 7, '2026-07-03 14:00:00', '2026-07-03 14:30:00', 10, 10, 'AVAILABLE'),
(836, 290, 11, 7, '2026-07-03 14:30:00', '2026-07-03 15:00:00', 10, 9, 'AVAILABLE'),
(837, 290, 11, 7, '2026-07-03 15:00:00', '2026-07-03 15:30:00', 10, 7, 'AVAILABLE'),
(838, 290, 11, 7, '2026-07-03 15:30:00', '2026-07-03 16:00:00', 10, 5, 'AVAILABLE'),
(839, 290, 11, 7, '2026-07-03 16:00:00', '2026-07-03 16:30:00', 10, 5, 'AVAILABLE'),
(840, 290, 11, 7, '2026-07-03 16:30:00', '2026-07-03 17:00:00', 10, 3, 'AVAILABLE'),
(841, 290, 11, 7, '2026-07-03 17:00:00', '2026-07-03 17:30:00', 10, 1, 'AVAILABLE'),
(842, 291, 11, 7, '2026-07-06 08:00:00', '2026-07-06 08:30:00', 10, 8, 'AVAILABLE'),
(843, 291, 11, 7, '2026-07-06 08:30:00', '2026-07-06 09:00:00', 10, 7, 'AVAILABLE'),
(844, 291, 11, 7, '2026-07-06 09:00:00', '2026-07-06 09:30:00', 10, 7, 'AVAILABLE'),
(845, 291, 11, 7, '2026-07-06 09:30:00', '2026-07-06 10:00:00', 10, 6, 'AVAILABLE'),
(846, 291, 11, 7, '2026-07-06 10:00:00', '2026-07-06 10:30:00', 10, 4, 'AVAILABLE'),
(847, 291, 11, 7, '2026-07-06 10:30:00', '2026-07-06 11:00:00', 10, 4, 'AVAILABLE'),
(848, 291, 11, 7, '2026-07-06 11:00:00', '2026-07-06 11:30:00', 10, 3, 'AVAILABLE'),
(849, 291, 11, 7, '2026-07-06 11:30:00', '2026-07-06 12:00:00', 10, 3, 'AVAILABLE'),
(850, 292, 11, 7, '2026-07-07 08:00:00', '2026-07-07 08:30:00', 12, 11, 'AVAILABLE'),
(851, 292, 11, 7, '2026-07-07 08:30:00', '2026-07-07 09:00:00', 12, 11, 'AVAILABLE'),
(852, 292, 11, 7, '2026-07-07 09:00:00', '2026-07-07 09:30:00', 12, 10, 'AVAILABLE'),
(853, 292, 11, 7, '2026-07-07 09:30:00', '2026-07-07 10:00:00', 12, 8, 'AVAILABLE'),
(854, 292, 11, 7, '2026-07-07 10:00:00', '2026-07-07 10:30:00', 12, 7, 'AVAILABLE'),
(855, 292, 11, 7, '2026-07-07 10:30:00', '2026-07-07 11:00:00', 12, 5, 'AVAILABLE'),
(856, 292, 11, 7, '2026-07-07 11:00:00', '2026-07-07 11:30:00', 12, 4, 'AVAILABLE'),
(857, 292, 11, 7, '2026-07-07 11:30:00', '2026-07-07 12:00:00', 12, 2, 'AVAILABLE'),
(858, 293, 11, 7, '2026-07-09 08:00:00', '2026-07-09 08:30:00', 10, 8, 'AVAILABLE'),
(859, 293, 11, 7, '2026-07-09 08:30:00', '2026-07-09 09:00:00', 10, 7, 'AVAILABLE'),
(860, 293, 11, 7, '2026-07-09 09:00:00', '2026-07-09 09:30:00', 10, 6, 'AVAILABLE'),
(861, 293, 11, 7, '2026-07-09 09:30:00', '2026-07-09 10:00:00', 10, 6, 'AVAILABLE'),
(862, 293, 11, 7, '2026-07-09 10:00:00', '2026-07-09 10:30:00', 10, 5, 'AVAILABLE'),
(863, 293, 11, 7, '2026-07-09 10:30:00', '2026-07-09 11:00:00', 10, 5, 'AVAILABLE'),
(864, 293, 11, 7, '2026-07-09 11:00:00', '2026-07-09 11:30:00', 10, 4, 'AVAILABLE'),
(865, 293, 11, 7, '2026-07-09 11:30:00', '2026-07-09 12:00:00', 10, 4, 'AVAILABLE'),
(866, 294, 11, 7, '2026-07-10 08:00:00', '2026-07-10 08:30:00', 12, 10, 'AVAILABLE'),
(867, 294, 11, 7, '2026-07-10 08:30:00', '2026-07-10 09:00:00', 12, 9, 'AVAILABLE'),
(868, 294, 11, 7, '2026-07-10 09:00:00', '2026-07-10 09:30:00', 12, 7, 'AVAILABLE'),
(869, 294, 11, 7, '2026-07-10 09:30:00', '2026-07-10 10:00:00', 12, 6, 'AVAILABLE'),
(870, 294, 11, 7, '2026-07-10 10:00:00', '2026-07-10 10:30:00', 12, 6, 'AVAILABLE'),
(871, 294, 11, 7, '2026-07-10 10:30:00', '2026-07-10 11:00:00', 12, 5, 'AVAILABLE'),
(872, 294, 11, 7, '2026-07-10 11:00:00', '2026-07-10 11:30:00', 12, 5, 'AVAILABLE'),
(873, 294, 11, 7, '2026-07-10 11:30:00', '2026-07-10 12:00:00', 12, 5, 'AVAILABLE'),
(874, 295, 11, 7, '2026-07-13 08:00:00', '2026-07-13 08:30:00', 12, 11, 'AVAILABLE'),
(875, 295, 11, 7, '2026-07-13 08:30:00', '2026-07-13 09:00:00', 12, 9, 'AVAILABLE'),
(876, 295, 11, 7, '2026-07-13 09:00:00', '2026-07-13 09:30:00', 12, 8, 'AVAILABLE'),
(877, 295, 11, 7, '2026-07-13 09:30:00', '2026-07-13 10:00:00', 12, 6, 'AVAILABLE'),
(878, 295, 11, 7, '2026-07-13 10:00:00', '2026-07-13 10:30:00', 12, 6, 'AVAILABLE'),
(879, 295, 11, 7, '2026-07-13 10:30:00', '2026-07-13 11:00:00', 12, 5, 'AVAILABLE'),
(880, 295, 11, 7, '2026-07-13 11:00:00', '2026-07-13 11:30:00', 12, 4, 'AVAILABLE'),
(881, 295, 11, 7, '2026-07-13 11:30:00', '2026-07-13 12:00:00', 12, 2, 'AVAILABLE'),
(882, 296, 11, 7, '2026-07-15 08:00:00', '2026-07-15 08:30:00', 8, 7, 'AVAILABLE'),
(883, 296, 11, 7, '2026-07-15 08:30:00', '2026-07-15 09:00:00', 8, 7, 'AVAILABLE'),
(884, 296, 11, 7, '2026-07-15 09:00:00', '2026-07-15 09:30:00', 8, 6, 'AVAILABLE'),
(885, 296, 11, 7, '2026-07-15 09:30:00', '2026-07-15 10:00:00', 8, 6, 'AVAILABLE'),
(886, 296, 11, 7, '2026-07-15 10:00:00', '2026-07-15 10:30:00', 8, 6, 'AVAILABLE'),
(887, 296, 11, 7, '2026-07-15 10:30:00', '2026-07-15 11:00:00', 8, 4, 'AVAILABLE'),
(888, 296, 11, 7, '2026-07-15 11:00:00', '2026-07-15 11:30:00', 8, 2, 'AVAILABLE'),
(889, 296, 11, 7, '2026-07-15 11:30:00', '2026-07-15 12:00:00', 8, 2, 'AVAILABLE'),
(890, 297, 11, 7, '2026-07-16 08:00:00', '2026-07-16 08:30:00', 8, 6, 'AVAILABLE'),
(891, 297, 11, 7, '2026-07-16 08:30:00', '2026-07-16 09:00:00', 8, 4, 'AVAILABLE'),
(892, 297, 11, 7, '2026-07-16 09:00:00', '2026-07-16 09:30:00', 8, 4, 'AVAILABLE'),
(893, 297, 11, 7, '2026-07-16 09:30:00', '2026-07-16 10:00:00', 8, 3, 'AVAILABLE'),
(894, 297, 11, 7, '2026-07-16 10:00:00', '2026-07-16 10:30:00', 8, 2, 'AVAILABLE'),
(895, 297, 11, 7, '2026-07-16 10:30:00', '2026-07-16 11:00:00', 8, 0, 'FULL'),
(896, 297, 11, 7, '2026-07-16 11:00:00', '2026-07-16 11:30:00', 8, 0, 'FULL'),
(897, 297, 11, 7, '2026-07-16 11:30:00', '2026-07-16 12:00:00', 8, 0, 'FULL'),
(898, 298, 11, 7, '2026-07-21 08:00:00', '2026-07-21 08:30:00', 12, 12, 'AVAILABLE'),
(899, 298, 11, 7, '2026-07-21 08:30:00', '2026-07-21 09:00:00', 12, 12, 'AVAILABLE'),
(900, 298, 11, 7, '2026-07-21 09:00:00', '2026-07-21 09:30:00', 12, 12, 'AVAILABLE'),
(901, 298, 11, 7, '2026-07-21 09:30:00', '2026-07-21 10:00:00', 12, 11, 'AVAILABLE'),
(902, 298, 11, 7, '2026-07-21 10:00:00', '2026-07-21 10:30:00', 12, 11, 'AVAILABLE'),
(903, 298, 11, 7, '2026-07-21 10:30:00', '2026-07-21 11:00:00', 12, 11, 'AVAILABLE'),
(904, 298, 11, 7, '2026-07-21 11:00:00', '2026-07-21 11:30:00', 12, 9, 'AVAILABLE'),
(905, 298, 11, 7, '2026-07-21 11:30:00', '2026-07-21 12:00:00', 12, 9, 'AVAILABLE'),
(906, 299, 12, 8, '2026-07-02 08:00:00', '2026-07-02 08:30:00', 8, 6, 'AVAILABLE'),
(907, 299, 12, 8, '2026-07-02 08:30:00', '2026-07-02 09:00:00', 8, 6, 'AVAILABLE'),
(908, 299, 12, 8, '2026-07-02 09:00:00', '2026-07-02 09:30:00', 8, 6, 'AVAILABLE'),
(909, 299, 12, 8, '2026-07-02 09:30:00', '2026-07-02 10:00:00', 8, 4, 'AVAILABLE'),
(910, 299, 12, 8, '2026-07-02 10:00:00', '2026-07-02 10:30:00', 8, 3, 'AVAILABLE'),
(911, 299, 12, 8, '2026-07-02 10:30:00', '2026-07-02 11:00:00', 8, 2, 'AVAILABLE'),
(912, 299, 12, 8, '2026-07-02 11:00:00', '2026-07-02 11:30:00', 8, 0, 'FULL'),
(913, 299, 12, 8, '2026-07-02 11:30:00', '2026-07-02 12:00:00', 8, 0, 'FULL'),
(914, 300, 12, 8, '2026-07-03 08:00:00', '2026-07-03 08:30:00', 10, 9, 'AVAILABLE'),
(915, 300, 12, 8, '2026-07-03 08:30:00', '2026-07-03 09:00:00', 10, 7, 'AVAILABLE'),
(916, 300, 12, 8, '2026-07-03 09:00:00', '2026-07-03 09:30:00', 10, 5, 'AVAILABLE'),
(917, 300, 12, 8, '2026-07-03 09:30:00', '2026-07-03 10:00:00', 10, 3, 'AVAILABLE'),
(918, 300, 12, 8, '2026-07-03 10:00:00', '2026-07-03 10:30:00', 10, 1, 'AVAILABLE'),
(919, 300, 12, 8, '2026-07-03 10:30:00', '2026-07-03 11:00:00', 10, 0, 'FULL'),
(920, 300, 12, 8, '2026-07-03 11:00:00', '2026-07-03 11:30:00', 10, 0, 'FULL'),
(921, 300, 12, 8, '2026-07-03 11:30:00', '2026-07-03 12:00:00', 10, 0, 'FULL'),
(922, 301, 12, 8, '2026-07-06 08:00:00', '2026-07-06 08:30:00', 12, 11, 'AVAILABLE'),
(923, 301, 12, 8, '2026-07-06 08:30:00', '2026-07-06 09:00:00', 12, 11, 'AVAILABLE'),
(924, 301, 12, 8, '2026-07-06 09:00:00', '2026-07-06 09:30:00', 12, 10, 'AVAILABLE'),
(925, 301, 12, 8, '2026-07-06 09:30:00', '2026-07-06 10:00:00', 12, 10, 'AVAILABLE'),
(926, 301, 12, 8, '2026-07-06 10:00:00', '2026-07-06 10:30:00', 12, 9, 'AVAILABLE'),
(927, 301, 12, 8, '2026-07-06 10:30:00', '2026-07-06 11:00:00', 12, 8, 'AVAILABLE'),
(928, 301, 12, 8, '2026-07-06 11:00:00', '2026-07-06 11:30:00', 12, 6, 'AVAILABLE'),
(929, 301, 12, 8, '2026-07-06 11:30:00', '2026-07-06 12:00:00', 12, 5, 'AVAILABLE'),
(930, 302, 12, 8, '2026-07-08 08:00:00', '2026-07-08 08:30:00', 10, 9, 'AVAILABLE'),
(931, 302, 12, 8, '2026-07-08 08:30:00', '2026-07-08 09:00:00', 10, 7, 'AVAILABLE'),
(932, 302, 12, 8, '2026-07-08 09:00:00', '2026-07-08 09:30:00', 10, 7, 'AVAILABLE'),
(933, 302, 12, 8, '2026-07-08 09:30:00', '2026-07-08 10:00:00', 10, 6, 'AVAILABLE'),
(934, 302, 12, 8, '2026-07-08 10:00:00', '2026-07-08 10:30:00', 10, 4, 'AVAILABLE'),
(935, 302, 12, 8, '2026-07-08 10:30:00', '2026-07-08 11:00:00', 10, 4, 'AVAILABLE'),
(936, 302, 12, 8, '2026-07-08 11:00:00', '2026-07-08 11:30:00', 10, 3, 'AVAILABLE'),
(937, 302, 12, 8, '2026-07-08 11:30:00', '2026-07-08 12:00:00', 10, 2, 'AVAILABLE'),
(938, 303, 12, 8, '2026-07-09 14:00:00', '2026-07-09 14:30:00', 10, 9, 'AVAILABLE'),
(939, 303, 12, 8, '2026-07-09 14:30:00', '2026-07-09 15:00:00', 10, 9, 'AVAILABLE'),
(940, 303, 12, 8, '2026-07-09 15:00:00', '2026-07-09 15:30:00', 10, 9, 'AVAILABLE'),
(941, 303, 12, 8, '2026-07-09 15:30:00', '2026-07-09 16:00:00', 10, 8, 'AVAILABLE'),
(942, 303, 12, 8, '2026-07-09 16:00:00', '2026-07-09 16:30:00', 10, 7, 'AVAILABLE'),
(943, 303, 12, 8, '2026-07-09 16:30:00', '2026-07-09 17:00:00', 10, 7, 'AVAILABLE'),
(944, 303, 12, 8, '2026-07-09 17:00:00', '2026-07-09 17:30:00', 10, 5, 'AVAILABLE'),
(945, 304, 12, 8, '2026-07-14 08:00:00', '2026-07-14 08:30:00', 12, 12, 'AVAILABLE'),
(946, 304, 12, 8, '2026-07-14 08:30:00', '2026-07-14 09:00:00', 12, 10, 'AVAILABLE'),
(947, 304, 12, 8, '2026-07-14 09:00:00', '2026-07-14 09:30:00', 12, 8, 'AVAILABLE'),
(948, 304, 12, 8, '2026-07-14 09:30:00', '2026-07-14 10:00:00', 12, 6, 'AVAILABLE'),
(949, 304, 12, 8, '2026-07-14 10:00:00', '2026-07-14 10:30:00', 12, 5, 'AVAILABLE'),
(950, 304, 12, 8, '2026-07-14 10:30:00', '2026-07-14 11:00:00', 12, 4, 'AVAILABLE'),
(951, 304, 12, 8, '2026-07-14 11:00:00', '2026-07-14 11:30:00', 12, 2, 'AVAILABLE'),
(952, 304, 12, 8, '2026-07-14 11:30:00', '2026-07-14 12:00:00', 12, 0, 'FULL'),
(953, 305, 12, 8, '2026-07-15 08:00:00', '2026-07-15 08:30:00', 8, 6, 'AVAILABLE'),
(954, 305, 12, 8, '2026-07-15 08:30:00', '2026-07-15 09:00:00', 8, 6, 'AVAILABLE'),
(955, 305, 12, 8, '2026-07-15 09:00:00', '2026-07-15 09:30:00', 8, 5, 'AVAILABLE'),
(956, 305, 12, 8, '2026-07-15 09:30:00', '2026-07-15 10:00:00', 8, 3, 'AVAILABLE'),
(957, 305, 12, 8, '2026-07-15 10:00:00', '2026-07-15 10:30:00', 8, 1, 'AVAILABLE'),
(958, 305, 12, 8, '2026-07-15 10:30:00', '2026-07-15 11:00:00', 8, 1, 'AVAILABLE'),
(959, 305, 12, 8, '2026-07-15 11:00:00', '2026-07-15 11:30:00', 8, 0, 'FULL'),
(960, 305, 12, 8, '2026-07-15 11:30:00', '2026-07-15 12:00:00', 8, 0, 'FULL'),
(961, 306, 12, 8, '2026-07-17 14:00:00', '2026-07-17 14:30:00', 8, 7, 'AVAILABLE'),
(962, 306, 12, 8, '2026-07-17 14:30:00', '2026-07-17 15:00:00', 8, 5, 'AVAILABLE'),
(963, 306, 12, 8, '2026-07-17 15:00:00', '2026-07-17 15:30:00', 8, 5, 'AVAILABLE'),
(964, 306, 12, 8, '2026-07-17 15:30:00', '2026-07-17 16:00:00', 8, 5, 'AVAILABLE'),
(965, 306, 12, 8, '2026-07-17 16:00:00', '2026-07-17 16:30:00', 8, 4, 'AVAILABLE'),
(966, 306, 12, 8, '2026-07-17 16:30:00', '2026-07-17 17:00:00', 8, 4, 'AVAILABLE'),
(967, 306, 12, 8, '2026-07-17 17:00:00', '2026-07-17 17:30:00', 8, 3, 'AVAILABLE'),
(968, 307, 12, 8, '2026-07-20 08:00:00', '2026-07-20 08:30:00', 10, 8, 'AVAILABLE'),
(969, 307, 12, 8, '2026-07-20 08:30:00', '2026-07-20 09:00:00', 10, 8, 'AVAILABLE'),
(970, 307, 12, 8, '2026-07-20 09:00:00', '2026-07-20 09:30:00', 10, 6, 'AVAILABLE'),
(971, 307, 12, 8, '2026-07-20 09:30:00', '2026-07-20 10:00:00', 10, 4, 'AVAILABLE'),
(972, 307, 12, 8, '2026-07-20 10:00:00', '2026-07-20 10:30:00', 10, 4, 'AVAILABLE'),
(973, 307, 12, 8, '2026-07-20 10:30:00', '2026-07-20 11:00:00', 10, 4, 'AVAILABLE'),
(974, 307, 12, 8, '2026-07-20 11:00:00', '2026-07-20 11:30:00', 10, 4, 'AVAILABLE'),
(975, 307, 12, 8, '2026-07-20 11:30:00', '2026-07-20 12:00:00', 10, 2, 'AVAILABLE'),
(976, 308, 12, 8, '2026-07-21 14:00:00', '2026-07-21 14:30:00', 10, 9, 'AVAILABLE'),
(977, 308, 12, 8, '2026-07-21 14:30:00', '2026-07-21 15:00:00', 10, 8, 'AVAILABLE'),
(978, 308, 12, 8, '2026-07-21 15:00:00', '2026-07-21 15:30:00', 10, 6, 'AVAILABLE'),
(979, 308, 12, 8, '2026-07-21 15:30:00', '2026-07-21 16:00:00', 10, 4, 'AVAILABLE'),
(980, 308, 12, 8, '2026-07-21 16:00:00', '2026-07-21 16:30:00', 10, 2, 'AVAILABLE'),
(981, 308, 12, 8, '2026-07-21 16:30:00', '2026-07-21 17:00:00', 10, 2, 'AVAILABLE'),
(982, 308, 12, 8, '2026-07-21 17:00:00', '2026-07-21 17:30:00', 10, 1, 'AVAILABLE'),
(983, 309, 13, 8, '2026-07-01 08:00:00', '2026-07-01 08:30:00', 8, 7, 'AVAILABLE'),
(984, 309, 13, 8, '2026-07-01 08:30:00', '2026-07-01 09:00:00', 8, 6, 'AVAILABLE'),
(985, 309, 13, 8, '2026-07-01 09:00:00', '2026-07-01 09:30:00', 8, 5, 'AVAILABLE'),
(986, 309, 13, 8, '2026-07-01 09:30:00', '2026-07-01 10:00:00', 8, 4, 'AVAILABLE'),
(987, 309, 13, 8, '2026-07-01 10:00:00', '2026-07-01 10:30:00', 8, 3, 'AVAILABLE'),
(988, 309, 13, 8, '2026-07-01 10:30:00', '2026-07-01 11:00:00', 8, 1, 'AVAILABLE'),
(989, 309, 13, 8, '2026-07-01 11:00:00', '2026-07-01 11:30:00', 8, 0, 'FULL'),
(990, 309, 13, 8, '2026-07-01 11:30:00', '2026-07-01 12:00:00', 8, 0, 'FULL'),
(991, 310, 13, 8, '2026-07-02 08:00:00', '2026-07-02 08:30:00', 8, 6, 'AVAILABLE'),
(992, 310, 13, 8, '2026-07-02 08:30:00', '2026-07-02 09:00:00', 8, 4, 'AVAILABLE'),
(993, 310, 13, 8, '2026-07-02 09:00:00', '2026-07-02 09:30:00', 8, 3, 'AVAILABLE'),
(994, 310, 13, 8, '2026-07-02 09:30:00', '2026-07-02 10:00:00', 8, 3, 'AVAILABLE'),
(995, 310, 13, 8, '2026-07-02 10:00:00', '2026-07-02 10:30:00', 8, 2, 'AVAILABLE'),
(996, 310, 13, 8, '2026-07-02 10:30:00', '2026-07-02 11:00:00', 8, 2, 'AVAILABLE'),
(997, 310, 13, 8, '2026-07-02 11:00:00', '2026-07-02 11:30:00', 8, 0, 'FULL'),
(998, 310, 13, 8, '2026-07-02 11:30:00', '2026-07-02 12:00:00', 8, 0, 'FULL'),
(999, 311, 13, 8, '2026-07-07 14:00:00', '2026-07-07 14:30:00', 12, 11, 'AVAILABLE'),
(1000, 311, 13, 8, '2026-07-07 14:30:00', '2026-07-07 15:00:00', 12, 10, 'AVAILABLE'),
(1001, 311, 13, 8, '2026-07-07 15:00:00', '2026-07-07 15:30:00', 12, 9, 'AVAILABLE'),
(1002, 311, 13, 8, '2026-07-07 15:30:00', '2026-07-07 16:00:00', 12, 7, 'AVAILABLE'),
(1003, 311, 13, 8, '2026-07-07 16:00:00', '2026-07-07 16:30:00', 12, 5, 'AVAILABLE'),
(1004, 311, 13, 8, '2026-07-07 16:30:00', '2026-07-07 17:00:00', 12, 3, 'AVAILABLE'),
(1005, 311, 13, 8, '2026-07-07 17:00:00', '2026-07-07 17:30:00', 12, 3, 'AVAILABLE'),
(1006, 312, 13, 8, '2026-07-08 08:00:00', '2026-07-08 08:30:00', 12, 11, 'AVAILABLE'),
(1007, 312, 13, 8, '2026-07-08 08:30:00', '2026-07-08 09:00:00', 12, 11, 'AVAILABLE'),
(1008, 312, 13, 8, '2026-07-08 09:00:00', '2026-07-08 09:30:00', 12, 9, 'AVAILABLE'),
(1009, 312, 13, 8, '2026-07-08 09:30:00', '2026-07-08 10:00:00', 12, 7, 'AVAILABLE'),
(1010, 312, 13, 8, '2026-07-08 10:00:00', '2026-07-08 10:30:00', 12, 7, 'AVAILABLE'),
(1011, 312, 13, 8, '2026-07-08 10:30:00', '2026-07-08 11:00:00', 12, 6, 'AVAILABLE'),
(1012, 312, 13, 8, '2026-07-08 11:00:00', '2026-07-08 11:30:00', 12, 5, 'AVAILABLE'),
(1013, 312, 13, 8, '2026-07-08 11:30:00', '2026-07-08 12:00:00', 12, 3, 'AVAILABLE'),
(1014, 313, 13, 8, '2026-07-10 08:00:00', '2026-07-10 08:30:00', 10, 8, 'AVAILABLE'),
(1015, 313, 13, 8, '2026-07-10 08:30:00', '2026-07-10 09:00:00', 10, 6, 'AVAILABLE'),
(1016, 313, 13, 8, '2026-07-10 09:00:00', '2026-07-10 09:30:00', 10, 5, 'AVAILABLE'),
(1017, 313, 13, 8, '2026-07-10 09:30:00', '2026-07-10 10:00:00', 10, 5, 'AVAILABLE'),
(1018, 313, 13, 8, '2026-07-10 10:00:00', '2026-07-10 10:30:00', 10, 3, 'AVAILABLE'),
(1019, 313, 13, 8, '2026-07-10 10:30:00', '2026-07-10 11:00:00', 10, 1, 'AVAILABLE'),
(1020, 313, 13, 8, '2026-07-10 11:00:00', '2026-07-10 11:30:00', 10, 1, 'AVAILABLE'),
(1021, 313, 13, 8, '2026-07-10 11:30:00', '2026-07-10 12:00:00', 10, 0, 'FULL'),
(1022, 314, 13, 8, '2026-07-13 14:00:00', '2026-07-13 14:30:00', 12, 10, 'AVAILABLE'),
(1023, 314, 13, 8, '2026-07-13 14:30:00', '2026-07-13 15:00:00', 12, 9, 'AVAILABLE'),
(1024, 314, 13, 8, '2026-07-13 15:00:00', '2026-07-13 15:30:00', 12, 7, 'AVAILABLE'),
(1025, 314, 13, 8, '2026-07-13 15:30:00', '2026-07-13 16:00:00', 12, 6, 'AVAILABLE'),
(1026, 314, 13, 8, '2026-07-13 16:00:00', '2026-07-13 16:30:00', 12, 6, 'AVAILABLE'),
(1027, 314, 13, 8, '2026-07-13 16:30:00', '2026-07-13 17:00:00', 12, 4, 'AVAILABLE'),
(1028, 314, 13, 8, '2026-07-13 17:00:00', '2026-07-13 17:30:00', 12, 2, 'AVAILABLE'),
(1029, 315, 13, 8, '2026-07-14 14:00:00', '2026-07-14 14:30:00', 8, 6, 'AVAILABLE'),
(1030, 315, 13, 8, '2026-07-14 14:30:00', '2026-07-14 15:00:00', 8, 4, 'AVAILABLE'),
(1031, 315, 13, 8, '2026-07-14 15:00:00', '2026-07-14 15:30:00', 8, 2, 'AVAILABLE'),
(1032, 315, 13, 8, '2026-07-14 15:30:00', '2026-07-14 16:00:00', 8, 2, 'AVAILABLE'),
(1033, 315, 13, 8, '2026-07-14 16:00:00', '2026-07-14 16:30:00', 8, 0, 'FULL'),
(1034, 315, 13, 8, '2026-07-14 16:30:00', '2026-07-14 17:00:00', 8, 0, 'FULL'),
(1035, 315, 13, 8, '2026-07-14 17:00:00', '2026-07-14 17:30:00', 8, 0, 'FULL'),
(1036, 316, 13, 8, '2026-07-16 14:00:00', '2026-07-16 14:30:00', 8, 6, 'AVAILABLE'),
(1037, 316, 13, 8, '2026-07-16 14:30:00', '2026-07-16 15:00:00', 8, 5, 'AVAILABLE'),
(1038, 316, 13, 8, '2026-07-16 15:00:00', '2026-07-16 15:30:00', 8, 5, 'AVAILABLE'),
(1039, 316, 13, 8, '2026-07-16 15:30:00', '2026-07-16 16:00:00', 8, 4, 'AVAILABLE'),
(1040, 316, 13, 8, '2026-07-16 16:00:00', '2026-07-16 16:30:00', 8, 3, 'AVAILABLE'),
(1041, 316, 13, 8, '2026-07-16 16:30:00', '2026-07-16 17:00:00', 8, 3, 'AVAILABLE'),
(1042, 316, 13, 8, '2026-07-16 17:00:00', '2026-07-16 17:30:00', 8, 3, 'AVAILABLE'),
(1043, 317, 13, 8, '2026-07-17 14:00:00', '2026-07-17 14:30:00', 10, 9, 'AVAILABLE'),
(1044, 317, 13, 8, '2026-07-17 14:30:00', '2026-07-17 15:00:00', 10, 8, 'AVAILABLE'),
(1045, 317, 13, 8, '2026-07-17 15:00:00', '2026-07-17 15:30:00', 10, 8, 'AVAILABLE'),
(1046, 317, 13, 8, '2026-07-17 15:30:00', '2026-07-17 16:00:00', 10, 8, 'AVAILABLE'),
(1047, 317, 13, 8, '2026-07-17 16:00:00', '2026-07-17 16:30:00', 10, 8, 'AVAILABLE'),
(1048, 317, 13, 8, '2026-07-17 16:30:00', '2026-07-17 17:00:00', 10, 8, 'AVAILABLE'),
(1049, 317, 13, 8, '2026-07-17 17:00:00', '2026-07-17 17:30:00', 10, 8, 'AVAILABLE'),
(1050, 318, 13, 8, '2026-07-20 08:00:00', '2026-07-20 08:30:00', 10, 9, 'AVAILABLE'),
(1051, 318, 13, 8, '2026-07-20 08:30:00', '2026-07-20 09:00:00', 10, 9, 'AVAILABLE'),
(1052, 318, 13, 8, '2026-07-20 09:00:00', '2026-07-20 09:30:00', 10, 7, 'AVAILABLE'),
(1053, 318, 13, 8, '2026-07-20 09:30:00', '2026-07-20 10:00:00', 10, 5, 'AVAILABLE'),
(1054, 318, 13, 8, '2026-07-20 10:00:00', '2026-07-20 10:30:00', 10, 3, 'AVAILABLE'),
(1055, 318, 13, 8, '2026-07-20 10:30:00', '2026-07-20 11:00:00', 10, 1, 'AVAILABLE'),
(1056, 318, 13, 8, '2026-07-20 11:00:00', '2026-07-20 11:30:00', 10, 1, 'AVAILABLE'),
(1057, 318, 13, 8, '2026-07-20 11:30:00', '2026-07-20 12:00:00', 10, 0, 'FULL'),
(1058, 319, 14, 9, '2026-07-01 14:00:00', '2026-07-01 14:30:00', 12, 11, 'AVAILABLE'),
(1059, 319, 14, 9, '2026-07-01 14:30:00', '2026-07-01 15:00:00', 12, 9, 'AVAILABLE'),
(1060, 319, 14, 9, '2026-07-01 15:00:00', '2026-07-01 15:30:00', 12, 9, 'AVAILABLE'),
(1061, 319, 14, 9, '2026-07-01 15:30:00', '2026-07-01 16:00:00', 12, 7, 'AVAILABLE'),
(1062, 319, 14, 9, '2026-07-01 16:00:00', '2026-07-01 16:30:00', 12, 6, 'AVAILABLE'),
(1063, 319, 14, 9, '2026-07-01 16:30:00', '2026-07-01 17:00:00', 12, 6, 'AVAILABLE'),
(1064, 319, 14, 9, '2026-07-01 17:00:00', '2026-07-01 17:30:00', 12, 6, 'AVAILABLE'),
(1065, 320, 14, 9, '2026-07-03 14:00:00', '2026-07-03 14:30:00', 12, 12, 'AVAILABLE'),
(1066, 320, 14, 9, '2026-07-03 14:30:00', '2026-07-03 15:00:00', 12, 10, 'AVAILABLE'),
(1067, 320, 14, 9, '2026-07-03 15:00:00', '2026-07-03 15:30:00', 12, 8, 'AVAILABLE'),
(1068, 320, 14, 9, '2026-07-03 15:30:00', '2026-07-03 16:00:00', 12, 8, 'AVAILABLE'),
(1069, 320, 14, 9, '2026-07-03 16:00:00', '2026-07-03 16:30:00', 12, 6, 'AVAILABLE'),
(1070, 320, 14, 9, '2026-07-03 16:30:00', '2026-07-03 17:00:00', 12, 5, 'AVAILABLE'),
(1071, 320, 14, 9, '2026-07-03 17:00:00', '2026-07-03 17:30:00', 12, 5, 'AVAILABLE'),
(1072, 321, 14, 9, '2026-07-06 08:00:00', '2026-07-06 08:30:00', 10, 9, 'AVAILABLE'),
(1073, 321, 14, 9, '2026-07-06 08:30:00', '2026-07-06 09:00:00', 10, 8, 'AVAILABLE'),
(1074, 321, 14, 9, '2026-07-06 09:00:00', '2026-07-06 09:30:00', 10, 6, 'AVAILABLE'),
(1075, 321, 14, 9, '2026-07-06 09:30:00', '2026-07-06 10:00:00', 10, 4, 'AVAILABLE'),
(1076, 321, 14, 9, '2026-07-06 10:00:00', '2026-07-06 10:30:00', 10, 4, 'AVAILABLE'),
(1077, 321, 14, 9, '2026-07-06 10:30:00', '2026-07-06 11:00:00', 10, 3, 'AVAILABLE'),
(1078, 321, 14, 9, '2026-07-06 11:00:00', '2026-07-06 11:30:00', 10, 1, 'AVAILABLE'),
(1079, 321, 14, 9, '2026-07-06 11:30:00', '2026-07-06 12:00:00', 10, 0, 'FULL'),
(1080, 322, 14, 9, '2026-07-07 08:00:00', '2026-07-07 08:30:00', 12, 10, 'AVAILABLE'),
(1081, 322, 14, 9, '2026-07-07 08:30:00', '2026-07-07 09:00:00', 12, 9, 'AVAILABLE'),
(1082, 322, 14, 9, '2026-07-07 09:00:00', '2026-07-07 09:30:00', 12, 9, 'AVAILABLE'),
(1083, 322, 14, 9, '2026-07-07 09:30:00', '2026-07-07 10:00:00', 12, 7, 'AVAILABLE'),
(1084, 322, 14, 9, '2026-07-07 10:00:00', '2026-07-07 10:30:00', 12, 7, 'AVAILABLE'),
(1085, 322, 14, 9, '2026-07-07 10:30:00', '2026-07-07 11:00:00', 12, 6, 'AVAILABLE'),
(1086, 322, 14, 9, '2026-07-07 11:00:00', '2026-07-07 11:30:00', 12, 5, 'AVAILABLE'),
(1087, 322, 14, 9, '2026-07-07 11:30:00', '2026-07-07 12:00:00', 12, 5, 'AVAILABLE'),
(1088, 323, 14, 9, '2026-07-09 14:00:00', '2026-07-09 14:30:00', 12, 11, 'AVAILABLE'),
(1089, 323, 14, 9, '2026-07-09 14:30:00', '2026-07-09 15:00:00', 12, 9, 'AVAILABLE'),
(1090, 323, 14, 9, '2026-07-09 15:00:00', '2026-07-09 15:30:00', 12, 7, 'AVAILABLE'),
(1091, 323, 14, 9, '2026-07-09 15:30:00', '2026-07-09 16:00:00', 12, 6, 'AVAILABLE'),
(1092, 323, 14, 9, '2026-07-09 16:00:00', '2026-07-09 16:30:00', 12, 5, 'AVAILABLE'),
(1093, 323, 14, 9, '2026-07-09 16:30:00', '2026-07-09 17:00:00', 12, 4, 'AVAILABLE'),
(1094, 323, 14, 9, '2026-07-09 17:00:00', '2026-07-09 17:30:00', 12, 3, 'AVAILABLE'),
(1095, 324, 14, 9, '2026-07-10 14:00:00', '2026-07-10 14:30:00', 10, 8, 'AVAILABLE'),
(1096, 324, 14, 9, '2026-07-10 14:30:00', '2026-07-10 15:00:00', 10, 6, 'AVAILABLE'),
(1097, 324, 14, 9, '2026-07-10 15:00:00', '2026-07-10 15:30:00', 10, 5, 'AVAILABLE'),
(1098, 324, 14, 9, '2026-07-10 15:30:00', '2026-07-10 16:00:00', 10, 5, 'AVAILABLE'),
(1099, 324, 14, 9, '2026-07-10 16:00:00', '2026-07-10 16:30:00', 10, 5, 'AVAILABLE'),
(1100, 324, 14, 9, '2026-07-10 16:30:00', '2026-07-10 17:00:00', 10, 3, 'AVAILABLE'),
(1101, 324, 14, 9, '2026-07-10 17:00:00', '2026-07-10 17:30:00', 10, 3, 'AVAILABLE'),
(1102, 325, 14, 9, '2026-07-13 14:00:00', '2026-07-13 14:30:00', 12, 11, 'AVAILABLE'),
(1103, 325, 14, 9, '2026-07-13 14:30:00', '2026-07-13 15:00:00', 12, 11, 'AVAILABLE'),
(1104, 325, 14, 9, '2026-07-13 15:00:00', '2026-07-13 15:30:00', 12, 9, 'AVAILABLE'),
(1105, 325, 14, 9, '2026-07-13 15:30:00', '2026-07-13 16:00:00', 12, 8, 'AVAILABLE'),
(1106, 325, 14, 9, '2026-07-13 16:00:00', '2026-07-13 16:30:00', 12, 7, 'AVAILABLE'),
(1107, 325, 14, 9, '2026-07-13 16:30:00', '2026-07-13 17:00:00', 12, 5, 'AVAILABLE'),
(1108, 325, 14, 9, '2026-07-13 17:00:00', '2026-07-13 17:30:00', 12, 5, 'AVAILABLE'),
(1109, 326, 14, 9, '2026-07-15 14:00:00', '2026-07-15 14:30:00', 10, 8, 'AVAILABLE'),
(1110, 326, 14, 9, '2026-07-15 14:30:00', '2026-07-15 15:00:00', 10, 6, 'AVAILABLE'),
(1111, 326, 14, 9, '2026-07-15 15:00:00', '2026-07-15 15:30:00', 10, 6, 'AVAILABLE'),
(1112, 326, 14, 9, '2026-07-15 15:30:00', '2026-07-15 16:00:00', 10, 5, 'AVAILABLE'),
(1113, 326, 14, 9, '2026-07-15 16:00:00', '2026-07-15 16:30:00', 10, 5, 'AVAILABLE'),
(1114, 326, 14, 9, '2026-07-15 16:30:00', '2026-07-15 17:00:00', 10, 5, 'AVAILABLE'),
(1115, 326, 14, 9, '2026-07-15 17:00:00', '2026-07-15 17:30:00', 10, 4, 'AVAILABLE'),
(1116, 327, 14, 9, '2026-07-16 08:00:00', '2026-07-16 08:30:00', 8, 7, 'AVAILABLE'),
(1117, 327, 14, 9, '2026-07-16 08:30:00', '2026-07-16 09:00:00', 8, 5, 'AVAILABLE'),
(1118, 327, 14, 9, '2026-07-16 09:00:00', '2026-07-16 09:30:00', 8, 5, 'AVAILABLE'),
(1119, 327, 14, 9, '2026-07-16 09:30:00', '2026-07-16 10:00:00', 8, 4, 'AVAILABLE'),
(1120, 327, 14, 9, '2026-07-16 10:00:00', '2026-07-16 10:30:00', 8, 4, 'AVAILABLE'),
(1121, 327, 14, 9, '2026-07-16 10:30:00', '2026-07-16 11:00:00', 8, 4, 'AVAILABLE'),
(1122, 327, 14, 9, '2026-07-16 11:00:00', '2026-07-16 11:30:00', 8, 3, 'AVAILABLE'),
(1123, 327, 14, 9, '2026-07-16 11:30:00', '2026-07-16 12:00:00', 8, 2, 'AVAILABLE'),
(1124, 328, 14, 9, '2026-07-21 14:00:00', '2026-07-21 14:30:00', 10, 10, 'AVAILABLE'),
(1125, 328, 14, 9, '2026-07-21 14:30:00', '2026-07-21 15:00:00', 10, 9, 'AVAILABLE'),
(1126, 328, 14, 9, '2026-07-21 15:00:00', '2026-07-21 15:30:00', 10, 9, 'AVAILABLE'),
(1127, 328, 14, 9, '2026-07-21 15:30:00', '2026-07-21 16:00:00', 10, 8, 'AVAILABLE'),
(1128, 328, 14, 9, '2026-07-21 16:00:00', '2026-07-21 16:30:00', 10, 6, 'AVAILABLE'),
(1129, 328, 14, 9, '2026-07-21 16:30:00', '2026-07-21 17:00:00', 10, 5, 'AVAILABLE'),
(1130, 328, 14, 9, '2026-07-21 17:00:00', '2026-07-21 17:30:00', 10, 5, 'AVAILABLE'),
(1131, 329, 15, 10, '2026-07-02 08:00:00', '2026-07-02 08:30:00', 10, 9, 'AVAILABLE'),
(1132, 329, 15, 10, '2026-07-02 08:30:00', '2026-07-02 09:00:00', 10, 9, 'AVAILABLE'),
(1133, 329, 15, 10, '2026-07-02 09:00:00', '2026-07-02 09:30:00', 10, 8, 'AVAILABLE'),
(1134, 329, 15, 10, '2026-07-02 09:30:00', '2026-07-02 10:00:00', 10, 8, 'AVAILABLE'),
(1135, 329, 15, 10, '2026-07-02 10:00:00', '2026-07-02 10:30:00', 10, 8, 'AVAILABLE'),
(1136, 329, 15, 10, '2026-07-02 10:30:00', '2026-07-02 11:00:00', 10, 7, 'AVAILABLE'),
(1137, 329, 15, 10, '2026-07-02 11:00:00', '2026-07-02 11:30:00', 10, 7, 'AVAILABLE'),
(1138, 329, 15, 10, '2026-07-02 11:30:00', '2026-07-02 12:00:00', 10, 5, 'AVAILABLE'),
(1139, 330, 15, 10, '2026-07-03 14:00:00', '2026-07-03 14:30:00', 10, 8, 'AVAILABLE'),
(1140, 330, 15, 10, '2026-07-03 14:30:00', '2026-07-03 15:00:00', 10, 7, 'AVAILABLE'),
(1141, 330, 15, 10, '2026-07-03 15:00:00', '2026-07-03 15:30:00', 10, 7, 'AVAILABLE'),
(1142, 330, 15, 10, '2026-07-03 15:30:00', '2026-07-03 16:00:00', 10, 7, 'AVAILABLE'),
(1143, 330, 15, 10, '2026-07-03 16:00:00', '2026-07-03 16:30:00', 10, 7, 'AVAILABLE'),
(1144, 330, 15, 10, '2026-07-03 16:30:00', '2026-07-03 17:00:00', 10, 6, 'AVAILABLE'),
(1145, 330, 15, 10, '2026-07-03 17:00:00', '2026-07-03 17:30:00', 10, 5, 'AVAILABLE'),
(1146, 331, 15, 10, '2026-07-06 08:00:00', '2026-07-06 08:30:00', 10, 8, 'AVAILABLE'),
(1147, 331, 15, 10, '2026-07-06 08:30:00', '2026-07-06 09:00:00', 10, 8, 'AVAILABLE'),
(1148, 331, 15, 10, '2026-07-06 09:00:00', '2026-07-06 09:30:00', 10, 6, 'AVAILABLE'),
(1149, 331, 15, 10, '2026-07-06 09:30:00', '2026-07-06 10:00:00', 10, 5, 'AVAILABLE'),
(1150, 331, 15, 10, '2026-07-06 10:00:00', '2026-07-06 10:30:00', 10, 4, 'AVAILABLE'),
(1151, 331, 15, 10, '2026-07-06 10:30:00', '2026-07-06 11:00:00', 10, 2, 'AVAILABLE'),
(1152, 331, 15, 10, '2026-07-06 11:00:00', '2026-07-06 11:30:00', 10, 2, 'AVAILABLE'),
(1153, 331, 15, 10, '2026-07-06 11:30:00', '2026-07-06 12:00:00', 10, 2, 'AVAILABLE'),
(1154, 332, 15, 10, '2026-07-08 14:00:00', '2026-07-08 14:30:00', 8, 8, 'AVAILABLE'),
(1155, 332, 15, 10, '2026-07-08 14:30:00', '2026-07-08 15:00:00', 8, 7, 'AVAILABLE'),
(1156, 332, 15, 10, '2026-07-08 15:00:00', '2026-07-08 15:30:00', 8, 7, 'AVAILABLE'),
(1157, 332, 15, 10, '2026-07-08 15:30:00', '2026-07-08 16:00:00', 8, 7, 'AVAILABLE'),
(1158, 332, 15, 10, '2026-07-08 16:00:00', '2026-07-08 16:30:00', 8, 5, 'AVAILABLE'),
(1159, 332, 15, 10, '2026-07-08 16:30:00', '2026-07-08 17:00:00', 8, 3, 'AVAILABLE'),
(1160, 332, 15, 10, '2026-07-08 17:00:00', '2026-07-08 17:30:00', 8, 1, 'AVAILABLE'),
(1161, 333, 15, 10, '2026-07-09 14:00:00', '2026-07-09 14:30:00', 8, 6, 'AVAILABLE'),
(1162, 333, 15, 10, '2026-07-09 14:30:00', '2026-07-09 15:00:00', 8, 5, 'AVAILABLE'),
(1163, 333, 15, 10, '2026-07-09 15:00:00', '2026-07-09 15:30:00', 8, 5, 'AVAILABLE'),
(1164, 333, 15, 10, '2026-07-09 15:30:00', '2026-07-09 16:00:00', 8, 4, 'AVAILABLE'),
(1165, 333, 15, 10, '2026-07-09 16:00:00', '2026-07-09 16:30:00', 8, 4, 'AVAILABLE'),
(1166, 333, 15, 10, '2026-07-09 16:30:00', '2026-07-09 17:00:00', 8, 3, 'AVAILABLE'),
(1167, 333, 15, 10, '2026-07-09 17:00:00', '2026-07-09 17:30:00', 8, 3, 'AVAILABLE'),
(1168, 334, 15, 10, '2026-07-14 14:00:00', '2026-07-14 14:30:00', 10, 10, 'AVAILABLE'),
(1169, 334, 15, 10, '2026-07-14 14:30:00', '2026-07-14 15:00:00', 10, 10, 'AVAILABLE'),
(1170, 334, 15, 10, '2026-07-14 15:00:00', '2026-07-14 15:30:00', 10, 9, 'AVAILABLE'),
(1171, 334, 15, 10, '2026-07-14 15:30:00', '2026-07-14 16:00:00', 10, 7, 'AVAILABLE'),
(1172, 334, 15, 10, '2026-07-14 16:00:00', '2026-07-14 16:30:00', 10, 5, 'AVAILABLE'),
(1173, 334, 15, 10, '2026-07-14 16:30:00', '2026-07-14 17:00:00', 10, 4, 'AVAILABLE'),
(1174, 334, 15, 10, '2026-07-14 17:00:00', '2026-07-14 17:30:00', 10, 4, 'AVAILABLE'),
(1175, 335, 15, 10, '2026-07-15 14:00:00', '2026-07-15 14:30:00', 10, 10, 'AVAILABLE'),
(1176, 335, 15, 10, '2026-07-15 14:30:00', '2026-07-15 15:00:00', 10, 9, 'AVAILABLE'),
(1177, 335, 15, 10, '2026-07-15 15:00:00', '2026-07-15 15:30:00', 10, 7, 'AVAILABLE'),
(1178, 335, 15, 10, '2026-07-15 15:30:00', '2026-07-15 16:00:00', 10, 5, 'AVAILABLE'),
(1179, 335, 15, 10, '2026-07-15 16:00:00', '2026-07-15 16:30:00', 10, 5, 'AVAILABLE'),
(1180, 335, 15, 10, '2026-07-15 16:30:00', '2026-07-15 17:00:00', 10, 3, 'AVAILABLE'),
(1181, 335, 15, 10, '2026-07-15 17:00:00', '2026-07-15 17:30:00', 10, 1, 'AVAILABLE'),
(1182, 336, 15, 10, '2026-07-17 14:00:00', '2026-07-17 14:30:00', 12, 10, 'AVAILABLE'),
(1183, 336, 15, 10, '2026-07-17 14:30:00', '2026-07-17 15:00:00', 12, 10, 'AVAILABLE'),
(1184, 336, 15, 10, '2026-07-17 15:00:00', '2026-07-17 15:30:00', 12, 8, 'AVAILABLE'),
(1185, 336, 15, 10, '2026-07-17 15:30:00', '2026-07-17 16:00:00', 12, 8, 'AVAILABLE'),
(1186, 336, 15, 10, '2026-07-17 16:00:00', '2026-07-17 16:30:00', 12, 7, 'AVAILABLE'),
(1187, 336, 15, 10, '2026-07-17 16:30:00', '2026-07-17 17:00:00', 12, 6, 'AVAILABLE'),
(1188, 336, 15, 10, '2026-07-17 17:00:00', '2026-07-17 17:30:00', 12, 6, 'AVAILABLE'),
(1189, 337, 15, 10, '2026-07-20 08:00:00', '2026-07-20 08:30:00', 12, 10, 'AVAILABLE'),
(1190, 337, 15, 10, '2026-07-20 08:30:00', '2026-07-20 09:00:00', 12, 9, 'AVAILABLE'),
(1191, 337, 15, 10, '2026-07-20 09:00:00', '2026-07-20 09:30:00', 12, 9, 'AVAILABLE'),
(1192, 337, 15, 10, '2026-07-20 09:30:00', '2026-07-20 10:00:00', 12, 7, 'AVAILABLE'),
(1193, 337, 15, 10, '2026-07-20 10:00:00', '2026-07-20 10:30:00', 12, 6, 'AVAILABLE'),
(1194, 337, 15, 10, '2026-07-20 10:30:00', '2026-07-20 11:00:00', 12, 6, 'AVAILABLE'),
(1195, 337, 15, 10, '2026-07-20 11:00:00', '2026-07-20 11:30:00', 12, 4, 'AVAILABLE'),
(1196, 337, 15, 10, '2026-07-20 11:30:00', '2026-07-20 12:00:00', 12, 2, 'AVAILABLE'),
(1197, 338, 15, 10, '2026-07-21 08:00:00', '2026-07-21 08:30:00', 8, 8, 'AVAILABLE'),
(1198, 338, 15, 10, '2026-07-21 08:30:00', '2026-07-21 09:00:00', 8, 6, 'AVAILABLE'),
(1199, 338, 15, 10, '2026-07-21 09:00:00', '2026-07-21 09:30:00', 8, 5, 'AVAILABLE'),
(1200, 338, 15, 10, '2026-07-21 09:30:00', '2026-07-21 10:00:00', 8, 5, 'AVAILABLE'),
(1201, 338, 15, 10, '2026-07-21 10:00:00', '2026-07-21 10:30:00', 8, 3, 'AVAILABLE'),
(1202, 338, 15, 10, '2026-07-21 10:30:00', '2026-07-21 11:00:00', 8, 1, 'AVAILABLE'),
(1203, 338, 15, 10, '2026-07-21 11:00:00', '2026-07-21 11:30:00', 8, 0, 'FULL'),
(1204, 338, 15, 10, '2026-07-21 11:30:00', '2026-07-21 12:00:00', 8, 0, 'FULL'),
(1205, 339, 16, 11, '2026-07-01 08:00:00', '2026-07-01 08:30:00', 12, 10, 'AVAILABLE'),
(1206, 339, 16, 11, '2026-07-01 08:30:00', '2026-07-01 09:00:00', 12, 10, 'AVAILABLE'),
(1207, 339, 16, 11, '2026-07-01 09:00:00', '2026-07-01 09:30:00', 12, 9, 'AVAILABLE'),
(1208, 339, 16, 11, '2026-07-01 09:30:00', '2026-07-01 10:00:00', 12, 8, 'AVAILABLE'),
(1209, 339, 16, 11, '2026-07-01 10:00:00', '2026-07-01 10:30:00', 12, 8, 'AVAILABLE'),
(1210, 339, 16, 11, '2026-07-01 10:30:00', '2026-07-01 11:00:00', 12, 6, 'AVAILABLE'),
(1211, 339, 16, 11, '2026-07-01 11:00:00', '2026-07-01 11:30:00', 12, 5, 'AVAILABLE'),
(1212, 339, 16, 11, '2026-07-01 11:30:00', '2026-07-01 12:00:00', 12, 4, 'AVAILABLE'),
(1213, 340, 16, 11, '2026-07-02 14:00:00', '2026-07-02 14:30:00', 10, 9, 'AVAILABLE'),
(1214, 340, 16, 11, '2026-07-02 14:30:00', '2026-07-02 15:00:00', 10, 7, 'AVAILABLE'),
(1215, 340, 16, 11, '2026-07-02 15:00:00', '2026-07-02 15:30:00', 10, 7, 'AVAILABLE'),
(1216, 340, 16, 11, '2026-07-02 15:30:00', '2026-07-02 16:00:00', 10, 6, 'AVAILABLE'),
(1217, 340, 16, 11, '2026-07-02 16:00:00', '2026-07-02 16:30:00', 10, 6, 'AVAILABLE'),
(1218, 340, 16, 11, '2026-07-02 16:30:00', '2026-07-02 17:00:00', 10, 5, 'AVAILABLE'),
(1219, 340, 16, 11, '2026-07-02 17:00:00', '2026-07-02 17:30:00', 10, 5, 'AVAILABLE'),
(1220, 341, 16, 11, '2026-07-07 08:00:00', '2026-07-07 08:30:00', 12, 10, 'AVAILABLE'),
(1221, 341, 16, 11, '2026-07-07 08:30:00', '2026-07-07 09:00:00', 12, 8, 'AVAILABLE'),
(1222, 341, 16, 11, '2026-07-07 09:00:00', '2026-07-07 09:30:00', 12, 6, 'AVAILABLE'),
(1223, 341, 16, 11, '2026-07-07 09:30:00', '2026-07-07 10:00:00', 12, 6, 'AVAILABLE'),
(1224, 341, 16, 11, '2026-07-07 10:00:00', '2026-07-07 10:30:00', 12, 4, 'AVAILABLE'),
(1225, 341, 16, 11, '2026-07-07 10:30:00', '2026-07-07 11:00:00', 12, 2, 'AVAILABLE'),
(1226, 341, 16, 11, '2026-07-07 11:00:00', '2026-07-07 11:30:00', 12, 1, 'AVAILABLE'),
(1227, 341, 16, 11, '2026-07-07 11:30:00', '2026-07-07 12:00:00', 12, 1, 'AVAILABLE'),
(1228, 342, 16, 11, '2026-07-08 14:00:00', '2026-07-08 14:30:00', 12, 12, 'AVAILABLE'),
(1229, 342, 16, 11, '2026-07-08 14:30:00', '2026-07-08 15:00:00', 12, 11, 'AVAILABLE'),
(1230, 342, 16, 11, '2026-07-08 15:00:00', '2026-07-08 15:30:00', 12, 9, 'AVAILABLE'),
(1231, 342, 16, 11, '2026-07-08 15:30:00', '2026-07-08 16:00:00', 12, 8, 'AVAILABLE'),
(1232, 342, 16, 11, '2026-07-08 16:00:00', '2026-07-08 16:30:00', 12, 6, 'AVAILABLE'),
(1233, 342, 16, 11, '2026-07-08 16:30:00', '2026-07-08 17:00:00', 12, 6, 'AVAILABLE'),
(1234, 342, 16, 11, '2026-07-08 17:00:00', '2026-07-08 17:30:00', 12, 4, 'AVAILABLE'),
(1235, 343, 16, 11, '2026-07-10 14:00:00', '2026-07-10 14:30:00', 10, 9, 'AVAILABLE'),
(1236, 343, 16, 11, '2026-07-10 14:30:00', '2026-07-10 15:00:00', 10, 7, 'AVAILABLE'),
(1237, 343, 16, 11, '2026-07-10 15:00:00', '2026-07-10 15:30:00', 10, 6, 'AVAILABLE'),
(1238, 343, 16, 11, '2026-07-10 15:30:00', '2026-07-10 16:00:00', 10, 4, 'AVAILABLE'),
(1239, 343, 16, 11, '2026-07-10 16:00:00', '2026-07-10 16:30:00', 10, 4, 'AVAILABLE'),
(1240, 343, 16, 11, '2026-07-10 16:30:00', '2026-07-10 17:00:00', 10, 4, 'AVAILABLE'),
(1241, 343, 16, 11, '2026-07-10 17:00:00', '2026-07-10 17:30:00', 10, 4, 'AVAILABLE'),
(1242, 344, 16, 11, '2026-07-13 08:00:00', '2026-07-13 08:30:00', 8, 6, 'AVAILABLE'),
(1243, 344, 16, 11, '2026-07-13 08:30:00', '2026-07-13 09:00:00', 8, 5, 'AVAILABLE'),
(1244, 344, 16, 11, '2026-07-13 09:00:00', '2026-07-13 09:30:00', 8, 5, 'AVAILABLE'),
(1245, 344, 16, 11, '2026-07-13 09:30:00', '2026-07-13 10:00:00', 8, 4, 'AVAILABLE'),
(1246, 344, 16, 11, '2026-07-13 10:00:00', '2026-07-13 10:30:00', 8, 4, 'AVAILABLE'),
(1247, 344, 16, 11, '2026-07-13 10:30:00', '2026-07-13 11:00:00', 8, 4, 'AVAILABLE'),
(1248, 344, 16, 11, '2026-07-13 11:00:00', '2026-07-13 11:30:00', 8, 4, 'AVAILABLE'),
(1249, 344, 16, 11, '2026-07-13 11:30:00', '2026-07-13 12:00:00', 8, 4, 'AVAILABLE'),
(1250, 345, 16, 11, '2026-07-14 14:00:00', '2026-07-14 14:30:00', 8, 7, 'AVAILABLE'),
(1251, 345, 16, 11, '2026-07-14 14:30:00', '2026-07-14 15:00:00', 8, 6, 'AVAILABLE'),
(1252, 345, 16, 11, '2026-07-14 15:00:00', '2026-07-14 15:30:00', 8, 4, 'AVAILABLE'),
(1253, 345, 16, 11, '2026-07-14 15:30:00', '2026-07-14 16:00:00', 8, 3, 'AVAILABLE'),
(1254, 345, 16, 11, '2026-07-14 16:00:00', '2026-07-14 16:30:00', 8, 1, 'AVAILABLE'),
(1255, 345, 16, 11, '2026-07-14 16:30:00', '2026-07-14 17:00:00', 8, 0, 'FULL'),
(1256, 345, 16, 11, '2026-07-14 17:00:00', '2026-07-14 17:30:00', 8, 0, 'FULL'),
(1257, 346, 16, 11, '2026-07-16 14:00:00', '2026-07-16 14:30:00', 12, 12, 'AVAILABLE'),
(1258, 346, 16, 11, '2026-07-16 14:30:00', '2026-07-16 15:00:00', 12, 10, 'AVAILABLE'),
(1259, 346, 16, 11, '2026-07-16 15:00:00', '2026-07-16 15:30:00', 12, 10, 'AVAILABLE'),
(1260, 346, 16, 11, '2026-07-16 15:30:00', '2026-07-16 16:00:00', 12, 9, 'AVAILABLE'),
(1261, 346, 16, 11, '2026-07-16 16:00:00', '2026-07-16 16:30:00', 12, 8, 'AVAILABLE'),
(1262, 346, 16, 11, '2026-07-16 16:30:00', '2026-07-16 17:00:00', 12, 8, 'AVAILABLE'),
(1263, 346, 16, 11, '2026-07-16 17:00:00', '2026-07-16 17:30:00', 12, 6, 'AVAILABLE'),
(1264, 347, 16, 11, '2026-07-17 08:00:00', '2026-07-17 08:30:00', 10, 9, 'AVAILABLE'),
(1265, 347, 16, 11, '2026-07-17 08:30:00', '2026-07-17 09:00:00', 10, 8, 'AVAILABLE'),
(1266, 347, 16, 11, '2026-07-17 09:00:00', '2026-07-17 09:30:00', 10, 8, 'AVAILABLE'),
(1267, 347, 16, 11, '2026-07-17 09:30:00', '2026-07-17 10:00:00', 10, 7, 'AVAILABLE'),
(1268, 347, 16, 11, '2026-07-17 10:00:00', '2026-07-17 10:30:00', 10, 6, 'AVAILABLE'),
(1269, 347, 16, 11, '2026-07-17 10:30:00', '2026-07-17 11:00:00', 10, 5, 'AVAILABLE'),
(1270, 347, 16, 11, '2026-07-17 11:00:00', '2026-07-17 11:30:00', 10, 3, 'AVAILABLE'),
(1271, 347, 16, 11, '2026-07-17 11:30:00', '2026-07-17 12:00:00', 10, 2, 'AVAILABLE'),
(1272, 348, 16, 11, '2026-07-20 14:00:00', '2026-07-20 14:30:00', 10, 9, 'AVAILABLE'),
(1273, 348, 16, 11, '2026-07-20 14:30:00', '2026-07-20 15:00:00', 10, 8, 'AVAILABLE'),
(1274, 348, 16, 11, '2026-07-20 15:00:00', '2026-07-20 15:30:00', 10, 8, 'AVAILABLE'),
(1275, 348, 16, 11, '2026-07-20 15:30:00', '2026-07-20 16:00:00', 10, 7, 'AVAILABLE'),
(1276, 348, 16, 11, '2026-07-20 16:00:00', '2026-07-20 16:30:00', 10, 5, 'AVAILABLE'),
(1277, 348, 16, 11, '2026-07-20 16:30:00', '2026-07-20 17:00:00', 10, 4, 'AVAILABLE'),
(1278, 348, 16, 11, '2026-07-20 17:00:00', '2026-07-20 17:30:00', 10, 3, 'AVAILABLE'),
(1279, 349, 17, 12, '2026-07-01 14:00:00', '2026-07-01 14:30:00', 10, 8, 'AVAILABLE'),
(1280, 349, 17, 12, '2026-07-01 14:30:00', '2026-07-01 15:00:00', 10, 7, 'AVAILABLE'),
(1281, 349, 17, 12, '2026-07-01 15:00:00', '2026-07-01 15:30:00', 10, 7, 'AVAILABLE'),
(1282, 349, 17, 12, '2026-07-01 15:30:00', '2026-07-01 16:00:00', 10, 5, 'AVAILABLE'),
(1283, 349, 17, 12, '2026-07-01 16:00:00', '2026-07-01 16:30:00', 10, 4, 'AVAILABLE'),
(1284, 349, 17, 12, '2026-07-01 16:30:00', '2026-07-01 17:00:00', 10, 4, 'AVAILABLE'),
(1285, 349, 17, 12, '2026-07-01 17:00:00', '2026-07-01 17:30:00', 10, 3, 'AVAILABLE'),
(1286, 350, 17, 12, '2026-07-03 14:00:00', '2026-07-03 14:30:00', 10, 8, 'AVAILABLE'),
(1287, 350, 17, 12, '2026-07-03 14:30:00', '2026-07-03 15:00:00', 10, 8, 'AVAILABLE'),
(1288, 350, 17, 12, '2026-07-03 15:00:00', '2026-07-03 15:30:00', 10, 6, 'AVAILABLE'),
(1289, 350, 17, 12, '2026-07-03 15:30:00', '2026-07-03 16:00:00', 10, 5, 'AVAILABLE'),
(1290, 350, 17, 12, '2026-07-03 16:00:00', '2026-07-03 16:30:00', 10, 4, 'AVAILABLE'),
(1291, 350, 17, 12, '2026-07-03 16:30:00', '2026-07-03 17:00:00', 10, 4, 'AVAILABLE'),
(1292, 350, 17, 12, '2026-07-03 17:00:00', '2026-07-03 17:30:00', 10, 4, 'AVAILABLE'),
(1293, 351, 17, 12, '2026-07-06 14:00:00', '2026-07-06 14:30:00', 10, 9, 'AVAILABLE'),
(1294, 351, 17, 12, '2026-07-06 14:30:00', '2026-07-06 15:00:00', 10, 7, 'AVAILABLE'),
(1295, 351, 17, 12, '2026-07-06 15:00:00', '2026-07-06 15:30:00', 10, 6, 'AVAILABLE'),
(1296, 351, 17, 12, '2026-07-06 15:30:00', '2026-07-06 16:00:00', 10, 5, 'AVAILABLE'),
(1297, 351, 17, 12, '2026-07-06 16:00:00', '2026-07-06 16:30:00', 10, 4, 'AVAILABLE'),
(1298, 351, 17, 12, '2026-07-06 16:30:00', '2026-07-06 17:00:00', 10, 2, 'AVAILABLE'),
(1299, 351, 17, 12, '2026-07-06 17:00:00', '2026-07-06 17:30:00', 10, 0, 'FULL'),
(1300, 352, 17, 12, '2026-07-07 14:00:00', '2026-07-07 14:30:00', 10, 9, 'AVAILABLE'),
(1301, 352, 17, 12, '2026-07-07 14:30:00', '2026-07-07 15:00:00', 10, 9, 'AVAILABLE'),
(1302, 352, 17, 12, '2026-07-07 15:00:00', '2026-07-07 15:30:00', 10, 7, 'AVAILABLE'),
(1303, 352, 17, 12, '2026-07-07 15:30:00', '2026-07-07 16:00:00', 10, 6, 'AVAILABLE'),
(1304, 352, 17, 12, '2026-07-07 16:00:00', '2026-07-07 16:30:00', 10, 5, 'AVAILABLE'),
(1305, 352, 17, 12, '2026-07-07 16:30:00', '2026-07-07 17:00:00', 10, 4, 'AVAILABLE'),
(1306, 352, 17, 12, '2026-07-07 17:00:00', '2026-07-07 17:30:00', 10, 4, 'AVAILABLE'),
(1307, 353, 17, 12, '2026-07-09 08:00:00', '2026-07-09 08:30:00', 8, 6, 'AVAILABLE'),
(1308, 353, 17, 12, '2026-07-09 08:30:00', '2026-07-09 09:00:00', 8, 5, 'AVAILABLE'),
(1309, 353, 17, 12, '2026-07-09 09:00:00', '2026-07-09 09:30:00', 8, 3, 'AVAILABLE'),
(1310, 353, 17, 12, '2026-07-09 09:30:00', '2026-07-09 10:00:00', 8, 2, 'AVAILABLE'),
(1311, 353, 17, 12, '2026-07-09 10:00:00', '2026-07-09 10:30:00', 8, 1, 'AVAILABLE'),
(1312, 353, 17, 12, '2026-07-09 10:30:00', '2026-07-09 11:00:00', 8, 0, 'FULL'),
(1313, 353, 17, 12, '2026-07-09 11:00:00', '2026-07-09 11:30:00', 8, 0, 'FULL'),
(1314, 353, 17, 12, '2026-07-09 11:30:00', '2026-07-09 12:00:00', 8, 0, 'FULL'),
(1315, 354, 17, 12, '2026-07-10 08:00:00', '2026-07-10 08:30:00', 10, 8, 'AVAILABLE'),
(1316, 354, 17, 12, '2026-07-10 08:30:00', '2026-07-10 09:00:00', 10, 6, 'AVAILABLE'),
(1317, 354, 17, 12, '2026-07-10 09:00:00', '2026-07-10 09:30:00', 10, 5, 'AVAILABLE'),
(1318, 354, 17, 12, '2026-07-10 09:30:00', '2026-07-10 10:00:00', 10, 4, 'AVAILABLE'),
(1319, 354, 17, 12, '2026-07-10 10:00:00', '2026-07-10 10:30:00', 10, 2, 'AVAILABLE'),
(1320, 354, 17, 12, '2026-07-10 10:30:00', '2026-07-10 11:00:00', 10, 0, 'FULL'),
(1321, 354, 17, 12, '2026-07-10 11:00:00', '2026-07-10 11:30:00', 10, 0, 'FULL'),
(1322, 354, 17, 12, '2026-07-10 11:30:00', '2026-07-10 12:00:00', 10, 0, 'FULL'),
(1323, 355, 17, 12, '2026-07-13 08:00:00', '2026-07-13 08:30:00', 12, 12, 'AVAILABLE'),
(1324, 355, 17, 12, '2026-07-13 08:30:00', '2026-07-13 09:00:00', 12, 12, 'AVAILABLE'),
(1325, 355, 17, 12, '2026-07-13 09:00:00', '2026-07-13 09:30:00', 12, 10, 'AVAILABLE'),
(1326, 355, 17, 12, '2026-07-13 09:30:00', '2026-07-13 10:00:00', 12, 8, 'AVAILABLE'),
(1327, 355, 17, 12, '2026-07-13 10:00:00', '2026-07-13 10:30:00', 12, 7, 'AVAILABLE'),
(1328, 355, 17, 12, '2026-07-13 10:30:00', '2026-07-13 11:00:00', 12, 7, 'AVAILABLE'),
(1329, 355, 17, 12, '2026-07-13 11:00:00', '2026-07-13 11:30:00', 12, 7, 'AVAILABLE'),
(1330, 355, 17, 12, '2026-07-13 11:30:00', '2026-07-13 12:00:00', 12, 7, 'AVAILABLE'),
(1331, 356, 17, 12, '2026-07-15 08:00:00', '2026-07-15 08:30:00', 8, 8, 'AVAILABLE'),
(1332, 356, 17, 12, '2026-07-15 08:30:00', '2026-07-15 09:00:00', 8, 6, 'AVAILABLE'),
(1333, 356, 17, 12, '2026-07-15 09:00:00', '2026-07-15 09:30:00', 8, 5, 'AVAILABLE'),
(1334, 356, 17, 12, '2026-07-15 09:30:00', '2026-07-15 10:00:00', 8, 4, 'AVAILABLE'),
(1335, 356, 17, 12, '2026-07-15 10:00:00', '2026-07-15 10:30:00', 8, 3, 'AVAILABLE'),
(1336, 356, 17, 12, '2026-07-15 10:30:00', '2026-07-15 11:00:00', 8, 1, 'AVAILABLE'),
(1337, 356, 17, 12, '2026-07-15 11:00:00', '2026-07-15 11:30:00', 8, 1, 'AVAILABLE'),
(1338, 356, 17, 12, '2026-07-15 11:30:00', '2026-07-15 12:00:00', 8, 0, 'FULL'),
(1339, 357, 17, 12, '2026-07-16 08:00:00', '2026-07-16 08:30:00', 12, 12, 'AVAILABLE'),
(1340, 357, 17, 12, '2026-07-16 08:30:00', '2026-07-16 09:00:00', 12, 10, 'AVAILABLE'),
(1341, 357, 17, 12, '2026-07-16 09:00:00', '2026-07-16 09:30:00', 12, 9, 'AVAILABLE'),
(1342, 357, 17, 12, '2026-07-16 09:30:00', '2026-07-16 10:00:00', 12, 8, 'AVAILABLE'),
(1343, 357, 17, 12, '2026-07-16 10:00:00', '2026-07-16 10:30:00', 12, 7, 'AVAILABLE'),
(1344, 357, 17, 12, '2026-07-16 10:30:00', '2026-07-16 11:00:00', 12, 6, 'AVAILABLE'),
(1345, 357, 17, 12, '2026-07-16 11:00:00', '2026-07-16 11:30:00', 12, 6, 'AVAILABLE'),
(1346, 357, 17, 12, '2026-07-16 11:30:00', '2026-07-16 12:00:00', 12, 4, 'AVAILABLE'),
(1347, 358, 17, 12, '2026-07-21 14:00:00', '2026-07-21 14:30:00', 10, 10, 'AVAILABLE'),
(1348, 358, 17, 12, '2026-07-21 14:30:00', '2026-07-21 15:00:00', 10, 8, 'AVAILABLE'),
(1349, 358, 17, 12, '2026-07-21 15:00:00', '2026-07-21 15:30:00', 10, 7, 'AVAILABLE'),
(1350, 358, 17, 12, '2026-07-21 15:30:00', '2026-07-21 16:00:00', 10, 6, 'AVAILABLE'),
(1351, 358, 17, 12, '2026-07-21 16:00:00', '2026-07-21 16:30:00', 10, 5, 'AVAILABLE'),
(1352, 358, 17, 12, '2026-07-21 16:30:00', '2026-07-21 17:00:00', 10, 3, 'AVAILABLE'),
(1353, 358, 17, 12, '2026-07-21 17:00:00', '2026-07-21 17:30:00', 10, 2, 'AVAILABLE'),
(1354, 359, 18, 13, '2026-07-02 14:00:00', '2026-07-02 14:30:00', 8, 8, 'AVAILABLE'),
(1355, 359, 18, 13, '2026-07-02 14:30:00', '2026-07-02 15:00:00', 8, 8, 'AVAILABLE'),
(1356, 359, 18, 13, '2026-07-02 15:00:00', '2026-07-02 15:30:00', 8, 8, 'AVAILABLE'),
(1357, 359, 18, 13, '2026-07-02 15:30:00', '2026-07-02 16:00:00', 8, 6, 'AVAILABLE'),
(1358, 359, 18, 13, '2026-07-02 16:00:00', '2026-07-02 16:30:00', 8, 6, 'AVAILABLE'),
(1359, 359, 18, 13, '2026-07-02 16:30:00', '2026-07-02 17:00:00', 8, 5, 'AVAILABLE'),
(1360, 359, 18, 13, '2026-07-02 17:00:00', '2026-07-02 17:30:00', 8, 3, 'AVAILABLE'),
(1361, 360, 18, 13, '2026-07-03 08:00:00', '2026-07-03 08:30:00', 10, 9, 'AVAILABLE'),
(1362, 360, 18, 13, '2026-07-03 08:30:00', '2026-07-03 09:00:00', 10, 7, 'AVAILABLE'),
(1363, 360, 18, 13, '2026-07-03 09:00:00', '2026-07-03 09:30:00', 10, 7, 'AVAILABLE'),
(1364, 360, 18, 13, '2026-07-03 09:30:00', '2026-07-03 10:00:00', 10, 6, 'AVAILABLE'),
(1365, 360, 18, 13, '2026-07-03 10:00:00', '2026-07-03 10:30:00', 10, 5, 'AVAILABLE'),
(1366, 360, 18, 13, '2026-07-03 10:30:00', '2026-07-03 11:00:00', 10, 3, 'AVAILABLE'),
(1367, 360, 18, 13, '2026-07-03 11:00:00', '2026-07-03 11:30:00', 10, 2, 'AVAILABLE'),
(1368, 360, 18, 13, '2026-07-03 11:30:00', '2026-07-03 12:00:00', 10, 2, 'AVAILABLE'),
(1369, 361, 18, 13, '2026-07-06 08:00:00', '2026-07-06 08:30:00', 10, 8, 'AVAILABLE'),
(1370, 361, 18, 13, '2026-07-06 08:30:00', '2026-07-06 09:00:00', 10, 7, 'AVAILABLE'),
(1371, 361, 18, 13, '2026-07-06 09:00:00', '2026-07-06 09:30:00', 10, 5, 'AVAILABLE'),
(1372, 361, 18, 13, '2026-07-06 09:30:00', '2026-07-06 10:00:00', 10, 4, 'AVAILABLE'),
(1373, 361, 18, 13, '2026-07-06 10:00:00', '2026-07-06 10:30:00', 10, 4, 'AVAILABLE'),
(1374, 361, 18, 13, '2026-07-06 10:30:00', '2026-07-06 11:00:00', 10, 4, 'AVAILABLE'),
(1375, 361, 18, 13, '2026-07-06 11:00:00', '2026-07-06 11:30:00', 10, 4, 'AVAILABLE'),
(1376, 361, 18, 13, '2026-07-06 11:30:00', '2026-07-06 12:00:00', 10, 4, 'AVAILABLE'),
(1377, 362, 18, 13, '2026-07-08 08:00:00', '2026-07-08 08:30:00', 10, 9, 'AVAILABLE'),
(1378, 362, 18, 13, '2026-07-08 08:30:00', '2026-07-08 09:00:00', 10, 9, 'AVAILABLE'),
(1379, 362, 18, 13, '2026-07-08 09:00:00', '2026-07-08 09:30:00', 10, 7, 'AVAILABLE'),
(1380, 362, 18, 13, '2026-07-08 09:30:00', '2026-07-08 10:00:00', 10, 6, 'AVAILABLE'),
(1381, 362, 18, 13, '2026-07-08 10:00:00', '2026-07-08 10:30:00', 10, 6, 'AVAILABLE'),
(1382, 362, 18, 13, '2026-07-08 10:30:00', '2026-07-08 11:00:00', 10, 4, 'AVAILABLE'),
(1383, 362, 18, 13, '2026-07-08 11:00:00', '2026-07-08 11:30:00', 10, 3, 'AVAILABLE'),
(1384, 362, 18, 13, '2026-07-08 11:30:00', '2026-07-08 12:00:00', 10, 1, 'AVAILABLE'),
(1385, 363, 18, 13, '2026-07-09 08:00:00', '2026-07-09 08:30:00', 12, 11, 'AVAILABLE'),
(1386, 363, 18, 13, '2026-07-09 08:30:00', '2026-07-09 09:00:00', 12, 9, 'AVAILABLE'),
(1387, 363, 18, 13, '2026-07-09 09:00:00', '2026-07-09 09:30:00', 12, 9, 'AVAILABLE'),
(1388, 363, 18, 13, '2026-07-09 09:30:00', '2026-07-09 10:00:00', 12, 7, 'AVAILABLE'),
(1389, 363, 18, 13, '2026-07-09 10:00:00', '2026-07-09 10:30:00', 12, 5, 'AVAILABLE'),
(1390, 363, 18, 13, '2026-07-09 10:30:00', '2026-07-09 11:00:00', 12, 4, 'AVAILABLE'),
(1391, 363, 18, 13, '2026-07-09 11:00:00', '2026-07-09 11:30:00', 12, 3, 'AVAILABLE'),
(1392, 363, 18, 13, '2026-07-09 11:30:00', '2026-07-09 12:00:00', 12, 3, 'AVAILABLE'),
(1393, 364, 18, 13, '2026-07-14 08:00:00', '2026-07-14 08:30:00', 10, 8, 'AVAILABLE'),
(1394, 364, 18, 13, '2026-07-14 08:30:00', '2026-07-14 09:00:00', 10, 6, 'AVAILABLE'),
(1395, 364, 18, 13, '2026-07-14 09:00:00', '2026-07-14 09:30:00', 10, 4, 'AVAILABLE'),
(1396, 364, 18, 13, '2026-07-14 09:30:00', '2026-07-14 10:00:00', 10, 2, 'AVAILABLE'),
(1397, 364, 18, 13, '2026-07-14 10:00:00', '2026-07-14 10:30:00', 10, 2, 'AVAILABLE'),
(1398, 364, 18, 13, '2026-07-14 10:30:00', '2026-07-14 11:00:00', 10, 1, 'AVAILABLE'),
(1399, 364, 18, 13, '2026-07-14 11:00:00', '2026-07-14 11:30:00', 10, 0, 'FULL'),
(1400, 364, 18, 13, '2026-07-14 11:30:00', '2026-07-14 12:00:00', 10, 0, 'FULL'),
(1401, 365, 18, 13, '2026-07-15 08:00:00', '2026-07-15 08:30:00', 8, 8, 'AVAILABLE'),
(1402, 365, 18, 13, '2026-07-15 08:30:00', '2026-07-15 09:00:00', 8, 8, 'AVAILABLE'),
(1403, 365, 18, 13, '2026-07-15 09:00:00', '2026-07-15 09:30:00', 8, 8, 'AVAILABLE'),
(1404, 365, 18, 13, '2026-07-15 09:30:00', '2026-07-15 10:00:00', 8, 8, 'AVAILABLE'),
(1405, 365, 18, 13, '2026-07-15 10:00:00', '2026-07-15 10:30:00', 8, 7, 'AVAILABLE'),
(1406, 365, 18, 13, '2026-07-15 10:30:00', '2026-07-15 11:00:00', 8, 7, 'AVAILABLE'),
(1407, 365, 18, 13, '2026-07-15 11:00:00', '2026-07-15 11:30:00', 8, 6, 'AVAILABLE'),
(1408, 365, 18, 13, '2026-07-15 11:30:00', '2026-07-15 12:00:00', 8, 4, 'AVAILABLE'),
(1409, 366, 18, 13, '2026-07-17 14:00:00', '2026-07-17 14:30:00', 12, 10, 'AVAILABLE'),
(1410, 366, 18, 13, '2026-07-17 14:30:00', '2026-07-17 15:00:00', 12, 9, 'AVAILABLE'),
(1411, 366, 18, 13, '2026-07-17 15:00:00', '2026-07-17 15:30:00', 12, 8, 'AVAILABLE'),
(1412, 366, 18, 13, '2026-07-17 15:30:00', '2026-07-17 16:00:00', 12, 6, 'AVAILABLE'),
(1413, 366, 18, 13, '2026-07-17 16:00:00', '2026-07-17 16:30:00', 12, 6, 'AVAILABLE'),
(1414, 366, 18, 13, '2026-07-17 16:30:00', '2026-07-17 17:00:00', 12, 4, 'AVAILABLE'),
(1415, 366, 18, 13, '2026-07-17 17:00:00', '2026-07-17 17:30:00', 12, 4, 'AVAILABLE'),
(1416, 367, 18, 13, '2026-07-20 08:00:00', '2026-07-20 08:30:00', 12, 12, 'AVAILABLE'),
(1417, 367, 18, 13, '2026-07-20 08:30:00', '2026-07-20 09:00:00', 12, 11, 'AVAILABLE'),
(1418, 367, 18, 13, '2026-07-20 09:00:00', '2026-07-20 09:30:00', 12, 10, 'AVAILABLE'),
(1419, 367, 18, 13, '2026-07-20 09:30:00', '2026-07-20 10:00:00', 12, 8, 'AVAILABLE'),
(1420, 367, 18, 13, '2026-07-20 10:00:00', '2026-07-20 10:30:00', 12, 6, 'AVAILABLE'),
(1421, 367, 18, 13, '2026-07-20 10:30:00', '2026-07-20 11:00:00', 12, 5, 'AVAILABLE'),
(1422, 367, 18, 13, '2026-07-20 11:00:00', '2026-07-20 11:30:00', 12, 3, 'AVAILABLE'),
(1423, 367, 18, 13, '2026-07-20 11:30:00', '2026-07-20 12:00:00', 12, 2, 'AVAILABLE'),
(1424, 368, 18, 13, '2026-07-21 14:00:00', '2026-07-21 14:30:00', 8, 7, 'AVAILABLE'),
(1425, 368, 18, 13, '2026-07-21 14:30:00', '2026-07-21 15:00:00', 8, 5, 'AVAILABLE'),
(1426, 368, 18, 13, '2026-07-21 15:00:00', '2026-07-21 15:30:00', 8, 5, 'AVAILABLE'),
(1427, 368, 18, 13, '2026-07-21 15:30:00', '2026-07-21 16:00:00', 8, 5, 'AVAILABLE'),
(1428, 368, 18, 13, '2026-07-21 16:00:00', '2026-07-21 16:30:00', 8, 4, 'AVAILABLE'),
(1429, 368, 18, 13, '2026-07-21 16:30:00', '2026-07-21 17:00:00', 8, 2, 'AVAILABLE'),
(1430, 368, 18, 13, '2026-07-21 17:00:00', '2026-07-21 17:30:00', 8, 2, 'AVAILABLE'),
(1431, 369, 19, 14, '2026-07-01 08:00:00', '2026-07-01 08:30:00', 12, 11, 'AVAILABLE'),
(1432, 369, 19, 14, '2026-07-01 08:30:00', '2026-07-01 09:00:00', 12, 10, 'AVAILABLE'),
(1433, 369, 19, 14, '2026-07-01 09:00:00', '2026-07-01 09:30:00', 12, 8, 'AVAILABLE'),
(1434, 369, 19, 14, '2026-07-01 09:30:00', '2026-07-01 10:00:00', 12, 6, 'AVAILABLE'),
(1435, 369, 19, 14, '2026-07-01 10:00:00', '2026-07-01 10:30:00', 12, 5, 'AVAILABLE'),
(1436, 369, 19, 14, '2026-07-01 10:30:00', '2026-07-01 11:00:00', 12, 5, 'AVAILABLE'),
(1437, 369, 19, 14, '2026-07-01 11:00:00', '2026-07-01 11:30:00', 12, 3, 'AVAILABLE'),
(1438, 369, 19, 14, '2026-07-01 11:30:00', '2026-07-01 12:00:00', 12, 1, 'AVAILABLE'),
(1439, 370, 19, 14, '2026-07-02 14:00:00', '2026-07-02 14:30:00', 10, 8, 'AVAILABLE'),
(1440, 370, 19, 14, '2026-07-02 14:30:00', '2026-07-02 15:00:00', 10, 8, 'AVAILABLE'),
(1441, 370, 19, 14, '2026-07-02 15:00:00', '2026-07-02 15:30:00', 10, 8, 'AVAILABLE'),
(1442, 370, 19, 14, '2026-07-02 15:30:00', '2026-07-02 16:00:00', 10, 7, 'AVAILABLE'),
(1443, 370, 19, 14, '2026-07-02 16:00:00', '2026-07-02 16:30:00', 10, 5, 'AVAILABLE'),
(1444, 370, 19, 14, '2026-07-02 16:30:00', '2026-07-02 17:00:00', 10, 5, 'AVAILABLE'),
(1445, 370, 19, 14, '2026-07-02 17:00:00', '2026-07-02 17:30:00', 10, 5, 'AVAILABLE'),
(1446, 371, 19, 14, '2026-07-07 14:00:00', '2026-07-07 14:30:00', 10, 8, 'AVAILABLE'),
(1447, 371, 19, 14, '2026-07-07 14:30:00', '2026-07-07 15:00:00', 10, 8, 'AVAILABLE'),
(1448, 371, 19, 14, '2026-07-07 15:00:00', '2026-07-07 15:30:00', 10, 7, 'AVAILABLE'),
(1449, 371, 19, 14, '2026-07-07 15:30:00', '2026-07-07 16:00:00', 10, 7, 'AVAILABLE'),
(1450, 371, 19, 14, '2026-07-07 16:00:00', '2026-07-07 16:30:00', 10, 7, 'AVAILABLE'),
(1451, 371, 19, 14, '2026-07-07 16:30:00', '2026-07-07 17:00:00', 10, 6, 'AVAILABLE'),
(1452, 371, 19, 14, '2026-07-07 17:00:00', '2026-07-07 17:30:00', 10, 4, 'AVAILABLE'),
(1453, 372, 19, 14, '2026-07-08 14:00:00', '2026-07-08 14:30:00', 8, 8, 'AVAILABLE'),
(1454, 372, 19, 14, '2026-07-08 14:30:00', '2026-07-08 15:00:00', 8, 7, 'AVAILABLE'),
(1455, 372, 19, 14, '2026-07-08 15:00:00', '2026-07-08 15:30:00', 8, 5, 'AVAILABLE'),
(1456, 372, 19, 14, '2026-07-08 15:30:00', '2026-07-08 16:00:00', 8, 4, 'AVAILABLE'),
(1457, 372, 19, 14, '2026-07-08 16:00:00', '2026-07-08 16:30:00', 8, 4, 'AVAILABLE'),
(1458, 372, 19, 14, '2026-07-08 16:30:00', '2026-07-08 17:00:00', 8, 3, 'AVAILABLE'),
(1459, 372, 19, 14, '2026-07-08 17:00:00', '2026-07-08 17:30:00', 8, 3, 'AVAILABLE'),
(1460, 373, 19, 14, '2026-07-10 08:00:00', '2026-07-10 08:30:00', 10, 8, 'AVAILABLE'),
(1461, 373, 19, 14, '2026-07-10 08:30:00', '2026-07-10 09:00:00', 10, 6, 'AVAILABLE'),
(1462, 373, 19, 14, '2026-07-10 09:00:00', '2026-07-10 09:30:00', 10, 5, 'AVAILABLE'),
(1463, 373, 19, 14, '2026-07-10 09:30:00', '2026-07-10 10:00:00', 10, 5, 'AVAILABLE'),
(1464, 373, 19, 14, '2026-07-10 10:00:00', '2026-07-10 10:30:00', 10, 3, 'AVAILABLE'),
(1465, 373, 19, 14, '2026-07-10 10:30:00', '2026-07-10 11:00:00', 10, 2, 'AVAILABLE'),
(1466, 373, 19, 14, '2026-07-10 11:00:00', '2026-07-10 11:30:00', 10, 0, 'FULL'),
(1467, 373, 19, 14, '2026-07-10 11:30:00', '2026-07-10 12:00:00', 10, 0, 'FULL'),
(1468, 374, 19, 14, '2026-07-13 14:00:00', '2026-07-13 14:30:00', 8, 8, 'AVAILABLE'),
(1469, 374, 19, 14, '2026-07-13 14:30:00', '2026-07-13 15:00:00', 8, 6, 'AVAILABLE'),
(1470, 374, 19, 14, '2026-07-13 15:00:00', '2026-07-13 15:30:00', 8, 4, 'AVAILABLE'),
(1471, 374, 19, 14, '2026-07-13 15:30:00', '2026-07-13 16:00:00', 8, 4, 'AVAILABLE'),
(1472, 374, 19, 14, '2026-07-13 16:00:00', '2026-07-13 16:30:00', 8, 2, 'AVAILABLE'),
(1473, 374, 19, 14, '2026-07-13 16:30:00', '2026-07-13 17:00:00', 8, 0, 'FULL'),
(1474, 374, 19, 14, '2026-07-13 17:00:00', '2026-07-13 17:30:00', 8, 0, 'FULL'),
(1475, 375, 19, 14, '2026-07-14 08:00:00', '2026-07-14 08:30:00', 10, 10, 'AVAILABLE'),
(1476, 375, 19, 14, '2026-07-14 08:30:00', '2026-07-14 09:00:00', 10, 8, 'AVAILABLE'),
(1477, 375, 19, 14, '2026-07-14 09:00:00', '2026-07-14 09:30:00', 10, 6, 'AVAILABLE'),
(1478, 375, 19, 14, '2026-07-14 09:30:00', '2026-07-14 10:00:00', 10, 4, 'AVAILABLE'),
(1479, 375, 19, 14, '2026-07-14 10:00:00', '2026-07-14 10:30:00', 10, 2, 'AVAILABLE'),
(1480, 375, 19, 14, '2026-07-14 10:30:00', '2026-07-14 11:00:00', 10, 1, 'AVAILABLE'),
(1481, 375, 19, 14, '2026-07-14 11:00:00', '2026-07-14 11:30:00', 10, 0, 'FULL'),
(1482, 375, 19, 14, '2026-07-14 11:30:00', '2026-07-14 12:00:00', 10, 0, 'FULL'),
(1483, 376, 19, 14, '2026-07-16 14:00:00', '2026-07-16 14:30:00', 8, 8, 'AVAILABLE'),
(1484, 376, 19, 14, '2026-07-16 14:30:00', '2026-07-16 15:00:00', 8, 8, 'AVAILABLE'),
(1485, 376, 19, 14, '2026-07-16 15:00:00', '2026-07-16 15:30:00', 8, 8, 'AVAILABLE'),
(1486, 376, 19, 14, '2026-07-16 15:30:00', '2026-07-16 16:00:00', 8, 6, 'AVAILABLE'),
(1487, 376, 19, 14, '2026-07-16 16:00:00', '2026-07-16 16:30:00', 8, 4, 'AVAILABLE'),
(1488, 376, 19, 14, '2026-07-16 16:30:00', '2026-07-16 17:00:00', 8, 3, 'AVAILABLE'),
(1489, 376, 19, 14, '2026-07-16 17:00:00', '2026-07-16 17:30:00', 8, 1, 'AVAILABLE'),
(1490, 377, 19, 14, '2026-07-17 08:00:00', '2026-07-17 08:30:00', 8, 8, 'AVAILABLE'),
(1491, 377, 19, 14, '2026-07-17 08:30:00', '2026-07-17 09:00:00', 8, 6, 'AVAILABLE'),
(1492, 377, 19, 14, '2026-07-17 09:00:00', '2026-07-17 09:30:00', 8, 5, 'AVAILABLE'),
(1493, 377, 19, 14, '2026-07-17 09:30:00', '2026-07-17 10:00:00', 8, 3, 'AVAILABLE'),
(1494, 377, 19, 14, '2026-07-17 10:00:00', '2026-07-17 10:30:00', 8, 1, 'AVAILABLE'),
(1495, 377, 19, 14, '2026-07-17 10:30:00', '2026-07-17 11:00:00', 8, 1, 'AVAILABLE'),
(1496, 377, 19, 14, '2026-07-17 11:00:00', '2026-07-17 11:30:00', 8, 0, 'FULL'),
(1497, 377, 19, 14, '2026-07-17 11:30:00', '2026-07-17 12:00:00', 8, 0, 'FULL'),
(1498, 378, 19, 14, '2026-07-20 08:00:00', '2026-07-20 08:30:00', 12, 10, 'AVAILABLE'),
(1499, 378, 19, 14, '2026-07-20 08:30:00', '2026-07-20 09:00:00', 12, 9, 'AVAILABLE'),
(1500, 378, 19, 14, '2026-07-20 09:00:00', '2026-07-20 09:30:00', 12, 7, 'AVAILABLE'),
(1501, 378, 19, 14, '2026-07-20 09:30:00', '2026-07-20 10:00:00', 12, 6, 'AVAILABLE'),
(1502, 378, 19, 14, '2026-07-20 10:00:00', '2026-07-20 10:30:00', 12, 5, 'AVAILABLE'),
(1503, 378, 19, 14, '2026-07-20 10:30:00', '2026-07-20 11:00:00', 12, 5, 'AVAILABLE'),
(1504, 378, 19, 14, '2026-07-20 11:00:00', '2026-07-20 11:30:00', 12, 3, 'AVAILABLE'),
(1505, 378, 19, 14, '2026-07-20 11:30:00', '2026-07-20 12:00:00', 12, 2, 'AVAILABLE'),
(1506, 379, 20, 15, '2026-07-01 14:00:00', '2026-07-01 14:30:00', 8, 7, 'AVAILABLE'),
(1507, 379, 20, 15, '2026-07-01 14:30:00', '2026-07-01 15:00:00', 8, 6, 'AVAILABLE'),
(1508, 379, 20, 15, '2026-07-01 15:00:00', '2026-07-01 15:30:00', 8, 6, 'AVAILABLE'),
(1509, 379, 20, 15, '2026-07-01 15:30:00', '2026-07-01 16:00:00', 8, 4, 'AVAILABLE'),
(1510, 379, 20, 15, '2026-07-01 16:00:00', '2026-07-01 16:30:00', 8, 4, 'AVAILABLE'),
(1511, 379, 20, 15, '2026-07-01 16:30:00', '2026-07-01 17:00:00', 8, 4, 'AVAILABLE'),
(1512, 379, 20, 15, '2026-07-01 17:00:00', '2026-07-01 17:30:00', 8, 3, 'AVAILABLE'),
(1513, 380, 20, 15, '2026-07-03 08:00:00', '2026-07-03 08:30:00', 8, 7, 'AVAILABLE'),
(1514, 380, 20, 15, '2026-07-03 08:30:00', '2026-07-03 09:00:00', 8, 6, 'AVAILABLE'),
(1515, 380, 20, 15, '2026-07-03 09:00:00', '2026-07-03 09:30:00', 8, 5, 'AVAILABLE'),
(1516, 380, 20, 15, '2026-07-03 09:30:00', '2026-07-03 10:00:00', 8, 5, 'AVAILABLE'),
(1517, 380, 20, 15, '2026-07-03 10:00:00', '2026-07-03 10:30:00', 8, 4, 'AVAILABLE'),
(1518, 380, 20, 15, '2026-07-03 10:30:00', '2026-07-03 11:00:00', 8, 2, 'AVAILABLE'),
(1519, 380, 20, 15, '2026-07-03 11:00:00', '2026-07-03 11:30:00', 8, 2, 'AVAILABLE'),
(1520, 380, 20, 15, '2026-07-03 11:30:00', '2026-07-03 12:00:00', 8, 1, 'AVAILABLE'),
(1521, 381, 20, 15, '2026-07-06 14:00:00', '2026-07-06 14:30:00', 12, 10, 'AVAILABLE'),
(1522, 381, 20, 15, '2026-07-06 14:30:00', '2026-07-06 15:00:00', 12, 9, 'AVAILABLE'),
(1523, 381, 20, 15, '2026-07-06 15:00:00', '2026-07-06 15:30:00', 12, 7, 'AVAILABLE'),
(1524, 381, 20, 15, '2026-07-06 15:30:00', '2026-07-06 16:00:00', 12, 6, 'AVAILABLE'),
(1525, 381, 20, 15, '2026-07-06 16:00:00', '2026-07-06 16:30:00', 12, 5, 'AVAILABLE'),
(1526, 381, 20, 15, '2026-07-06 16:30:00', '2026-07-06 17:00:00', 12, 5, 'AVAILABLE'),
(1527, 381, 20, 15, '2026-07-06 17:00:00', '2026-07-06 17:30:00', 12, 4, 'AVAILABLE'),
(1528, 382, 20, 15, '2026-07-07 08:00:00', '2026-07-07 08:30:00', 12, 10, 'AVAILABLE'),
(1529, 382, 20, 15, '2026-07-07 08:30:00', '2026-07-07 09:00:00', 12, 8, 'AVAILABLE'),
(1530, 382, 20, 15, '2026-07-07 09:00:00', '2026-07-07 09:30:00', 12, 8, 'AVAILABLE'),
(1531, 382, 20, 15, '2026-07-07 09:30:00', '2026-07-07 10:00:00', 12, 7, 'AVAILABLE'),
(1532, 382, 20, 15, '2026-07-07 10:00:00', '2026-07-07 10:30:00', 12, 7, 'AVAILABLE'),
(1533, 382, 20, 15, '2026-07-07 10:30:00', '2026-07-07 11:00:00', 12, 6, 'AVAILABLE'),
(1534, 382, 20, 15, '2026-07-07 11:00:00', '2026-07-07 11:30:00', 12, 6, 'AVAILABLE'),
(1535, 382, 20, 15, '2026-07-07 11:30:00', '2026-07-07 12:00:00', 12, 5, 'AVAILABLE'),
(1536, 383, 20, 15, '2026-07-09 14:00:00', '2026-07-09 14:30:00', 10, 9, 'AVAILABLE'),
(1537, 383, 20, 15, '2026-07-09 14:30:00', '2026-07-09 15:00:00', 10, 9, 'AVAILABLE'),
(1538, 383, 20, 15, '2026-07-09 15:00:00', '2026-07-09 15:30:00', 10, 9, 'AVAILABLE'),
(1539, 383, 20, 15, '2026-07-09 15:30:00', '2026-07-09 16:00:00', 10, 9, 'AVAILABLE'),
(1540, 383, 20, 15, '2026-07-09 16:00:00', '2026-07-09 16:30:00', 10, 9, 'AVAILABLE'),
(1541, 383, 20, 15, '2026-07-09 16:30:00', '2026-07-09 17:00:00', 10, 8, 'AVAILABLE'),
(1542, 383, 20, 15, '2026-07-09 17:00:00', '2026-07-09 17:30:00', 10, 7, 'AVAILABLE'),
(1543, 384, 20, 15, '2026-07-10 14:00:00', '2026-07-10 14:30:00', 10, 8, 'AVAILABLE'),
(1544, 384, 20, 15, '2026-07-10 14:30:00', '2026-07-10 15:00:00', 10, 7, 'AVAILABLE'),
(1545, 384, 20, 15, '2026-07-10 15:00:00', '2026-07-10 15:30:00', 10, 7, 'AVAILABLE'),
(1546, 384, 20, 15, '2026-07-10 15:30:00', '2026-07-10 16:00:00', 10, 7, 'AVAILABLE'),
(1547, 384, 20, 15, '2026-07-10 16:00:00', '2026-07-10 16:30:00', 10, 6, 'AVAILABLE'),
(1548, 384, 20, 15, '2026-07-10 16:30:00', '2026-07-10 17:00:00', 10, 4, 'AVAILABLE'),
(1549, 384, 20, 15, '2026-07-10 17:00:00', '2026-07-10 17:30:00', 10, 2, 'AVAILABLE'),
(1550, 385, 20, 15, '2026-07-13 14:00:00', '2026-07-13 14:30:00', 10, 9, 'AVAILABLE'),
(1551, 385, 20, 15, '2026-07-13 14:30:00', '2026-07-13 15:00:00', 10, 9, 'AVAILABLE'),
(1552, 385, 20, 15, '2026-07-13 15:00:00', '2026-07-13 15:30:00', 10, 9, 'AVAILABLE'),
(1553, 385, 20, 15, '2026-07-13 15:30:00', '2026-07-13 16:00:00', 10, 8, 'AVAILABLE'),
(1554, 385, 20, 15, '2026-07-13 16:00:00', '2026-07-13 16:30:00', 10, 6, 'AVAILABLE'),
(1555, 385, 20, 15, '2026-07-13 16:30:00', '2026-07-13 17:00:00', 10, 5, 'AVAILABLE'),
(1556, 385, 20, 15, '2026-07-13 17:00:00', '2026-07-13 17:30:00', 10, 4, 'AVAILABLE'),
(1557, 386, 20, 15, '2026-07-15 08:00:00', '2026-07-15 08:30:00', 12, 11, 'AVAILABLE'),
(1558, 386, 20, 15, '2026-07-15 08:30:00', '2026-07-15 09:00:00', 12, 10, 'AVAILABLE'),
(1559, 386, 20, 15, '2026-07-15 09:00:00', '2026-07-15 09:30:00', 12, 10, 'AVAILABLE'),
(1560, 386, 20, 15, '2026-07-15 09:30:00', '2026-07-15 10:00:00', 12, 10, 'AVAILABLE'),
(1561, 386, 20, 15, '2026-07-15 10:00:00', '2026-07-15 10:30:00', 12, 9, 'AVAILABLE'),
(1562, 386, 20, 15, '2026-07-15 10:30:00', '2026-07-15 11:00:00', 12, 7, 'AVAILABLE'),
(1563, 386, 20, 15, '2026-07-15 11:00:00', '2026-07-15 11:30:00', 12, 6, 'AVAILABLE'),
(1564, 386, 20, 15, '2026-07-15 11:30:00', '2026-07-15 12:00:00', 12, 6, 'AVAILABLE'),
(1565, 387, 20, 15, '2026-07-16 08:00:00', '2026-07-16 08:30:00', 8, 8, 'AVAILABLE'),
(1566, 387, 20, 15, '2026-07-16 08:30:00', '2026-07-16 09:00:00', 8, 6, 'AVAILABLE'),
(1567, 387, 20, 15, '2026-07-16 09:00:00', '2026-07-16 09:30:00', 8, 5, 'AVAILABLE'),
(1568, 387, 20, 15, '2026-07-16 09:30:00', '2026-07-16 10:00:00', 8, 5, 'AVAILABLE'),
(1569, 387, 20, 15, '2026-07-16 10:00:00', '2026-07-16 10:30:00', 8, 5, 'AVAILABLE'),
(1570, 387, 20, 15, '2026-07-16 10:30:00', '2026-07-16 11:00:00', 8, 4, 'AVAILABLE'),
(1571, 387, 20, 15, '2026-07-16 11:00:00', '2026-07-16 11:30:00', 8, 3, 'AVAILABLE'),
(1572, 387, 20, 15, '2026-07-16 11:30:00', '2026-07-16 12:00:00', 8, 1, 'AVAILABLE'),
(1573, 388, 20, 15, '2026-07-21 08:00:00', '2026-07-21 08:30:00', 10, 8, 'AVAILABLE'),
(1574, 388, 20, 15, '2026-07-21 08:30:00', '2026-07-21 09:00:00', 10, 6, 'AVAILABLE'),
(1575, 388, 20, 15, '2026-07-21 09:00:00', '2026-07-21 09:30:00', 10, 5, 'AVAILABLE'),
(1576, 388, 20, 15, '2026-07-21 09:30:00', '2026-07-21 10:00:00', 10, 4, 'AVAILABLE'),
(1577, 388, 20, 15, '2026-07-21 10:00:00', '2026-07-21 10:30:00', 10, 2, 'AVAILABLE'),
(1578, 388, 20, 15, '2026-07-21 10:30:00', '2026-07-21 11:00:00', 10, 2, 'AVAILABLE'),
(1579, 388, 20, 15, '2026-07-21 11:00:00', '2026-07-21 11:30:00', 10, 2, 'AVAILABLE'),
(1580, 388, 20, 15, '2026-07-21 11:30:00', '2026-07-21 12:00:00', 10, 1, 'AVAILABLE')
ON CONFLICT (id) DO NOTHING;
-- 号源共 1494 条

-- ─── 8. 新增挂号 ───
INSERT INTO registration (id, patient_id, doctor_id, department_id, slot_id, appointment_time, status, created_at) VALUES
(91, 50, 2, 2, 222, '2026-07-16 09:00:00', 'COMPLETED', '2026-07-16 09:00:00'),
(92, 23, 15, 10, 1184, '2026-07-17 15:00:00', 'COMPLETED', '2026-07-17 09:00:00'),
(93, 71, 4, 4, 366, '2026-07-16 11:30:00', 'PENDING', '2026-07-16 09:00:00'),
(94, 29, 2, 2, 194, '2026-07-09 09:30:00', 'COMPLETED', '2026-07-09 09:00:00'),
(95, 32, 12, 8, 955, '2026-07-15 09:00:00', 'PENDING', '2026-07-15 09:00:00'),
(96, 41, 16, 11, 1270, '2026-07-17 11:00:00', 'COMPLETED', '2026-07-17 09:00:00'),
(97, 10, 14, 9, 1066, '2026-07-03 14:30:00', 'CANCELLED', '2026-07-03 09:00:00'),
(98, 48, 4, 4, 364, '2026-07-16 10:30:00', 'COMPLETED', '2026-07-16 09:00:00'),
(99, 65, 16, 11, 1266, '2026-07-17 09:00:00', 'COMPLETED', '2026-07-17 09:00:00'),
(100, 23, 4, 4, 360, '2026-07-16 08:30:00', 'COMPLETED', '2026-07-16 09:00:00'),
(101, 67, 2, 2, 198, '2026-07-09 11:30:00', 'COMPLETED', '2026-07-09 09:00:00'),
(102, 52, 10, 6, 795, '2026-07-13 16:00:00', 'COMPLETED', '2026-07-13 09:00:00'),
(103, 60, 9, 6, 680, '2026-07-02 15:00:00', 'COMPLETED', '2026-07-02 09:00:00'),
(104, 40, 10, 6, 774, '2026-07-07 11:00:00', 'COMPLETED', '2026-07-07 09:00:00'),
(105, 12, 18, 13, 1428, '2026-07-21 16:00:00', 'CANCELLED', '2026-07-21 09:00:00'),
(106, 59, 10, 6, 776, '2026-07-08 08:00:00', 'COMPLETED', '2026-07-08 09:00:00'),
(107, 48, 3, 3, 250, '2026-07-06 14:30:00', 'COMPLETED', '2026-07-06 09:00:00'),
(108, 38, 2, 2, 208, '2026-07-13 15:00:00', 'CANCELLED', '2026-07-13 09:00:00'),
(109, 39, 15, 10, 1155, '2026-07-08 14:30:00', 'CANCELLED', '2026-07-08 09:00:00'),
(110, 32, 16, 11, 1269, '2026-07-17 10:30:00', 'PENDING', '2026-07-17 09:00:00'),
(111, 48, 20, 15, 1514, '2026-07-03 08:30:00', 'CANCELLED', '2026-07-03 09:00:00'),
(112, 64, 10, 6, 796, '2026-07-13 16:30:00', 'COMPLETED', '2026-07-13 09:00:00'),
(113, 70, 13, 8, 1001, '2026-07-07 15:00:00', 'COMPLETED', '2026-07-07 09:00:00'),
(114, 20, 17, 12, 1317, '2026-07-10 09:00:00', 'COMPLETED', '2026-07-10 09:00:00'),
(115, 53, 5, 4, 390, '2026-07-03 08:30:00', 'COMPLETED', '2026-07-03 09:00:00'),
(116, 30, 1, 1, 107, '2026-07-07 17:00:00', 'CANCELLED', '2026-07-07 09:00:00'),
(117, 45, 5, 4, 447, '2026-07-16 16:00:00', 'COMPLETED', '2026-07-16 09:00:00'),
(118, 43, 13, 8, 985, '2026-07-01 09:00:00', 'COMPLETED', '2026-07-01 09:00:00'),
(119, 49, 19, 14, 1478, '2026-07-14 09:30:00', 'COMPLETED', '2026-07-14 09:00:00'),
(120, 14, 18, 13, 1407, '2026-07-15 11:00:00', 'COMPLETED', '2026-07-15 09:00:00'),
(121, 68, 7, 5, 600, '2026-07-20 10:30:00', 'COMPLETED', '2026-07-20 09:00:00'),
(122, 54, 16, 11, 1251, '2026-07-14 14:30:00', 'PENDING', '2026-07-14 09:00:00'),
(123, 8, 3, 3, 257, '2026-07-08 14:30:00', 'COMPLETED', '2026-07-08 09:00:00'),
(124, 36, 19, 14, 1457, '2026-07-08 16:00:00', 'COMPLETED', '2026-07-08 09:00:00'),
(125, 6, 14, 9, 1067, '2026-07-03 15:00:00', 'COMPLETED', '2026-07-03 09:00:00'),
(126, 67, 5, 4, 408, '2026-07-07 09:30:00', 'PENDING', '2026-07-07 09:00:00'),
(127, 48, 4, 4, 357, '2026-07-14 11:00:00', 'PENDING', '2026-07-14 09:00:00'),
(128, 11, 10, 6, 755, '2026-07-01 09:30:00', 'CANCELLED', '2026-07-01 09:00:00'),
(129, 13, 6, 5, 479, '2026-07-06 11:00:00', 'CANCELLED', '2026-07-06 09:00:00'),
(130, 18, 16, 11, 1225, '2026-07-07 10:30:00', 'PENDING', '2026-07-07 09:00:00'),
(131, 10, 19, 14, 1447, '2026-07-07 14:30:00', 'CANCELLED', '2026-07-07 09:00:00'),
(132, 73, 6, 5, 507, '2026-07-15 16:00:00', 'COMPLETED', '2026-07-15 09:00:00'),
(133, 56, 6, 5, 488, '2026-07-09 08:00:00', 'COMPLETED', '2026-07-09 09:00:00'),
(134, 31, 13, 8, 1048, '2026-07-17 16:30:00', 'COMPLETED', '2026-07-17 09:00:00'),
(135, 34, 9, 6, 687, '2026-07-03 09:00:00', 'COMPLETED', '2026-07-03 09:00:00'),
(136, 51, 9, 6, 730, '2026-07-17 08:00:00', 'COMPLETED', '2026-07-17 09:00:00'),
(137, 41, 17, 12, 1332, '2026-07-15 08:30:00', 'PENDING', '2026-07-15 09:00:00'),
(138, 35, 15, 10, 1164, '2026-07-09 15:30:00', 'COMPLETED', '2026-07-09 09:00:00'),
(139, 10, 16, 11, 1222, '2026-07-07 09:00:00', 'COMPLETED', '2026-07-07 09:00:00'),
(140, 18, 13, 8, 991, '2026-07-02 08:00:00', 'CANCELLED', '2026-07-02 09:00:00'),
(141, 14, 9, 6, 734, '2026-07-17 10:00:00', 'COMPLETED', '2026-07-17 09:00:00'),
(142, 14, 1, 1, 151, '2026-07-17 16:30:00', 'COMPLETED', '2026-07-17 09:00:00'),
(143, 58, 20, 15, 1547, '2026-07-10 16:00:00', 'PENDING', '2026-07-10 09:00:00'),
(144, 41, 7, 5, 597, '2026-07-20 09:00:00', 'PENDING', '2026-07-20 09:00:00'),
(145, 16, 1, 1, 145, '2026-07-16 11:30:00', 'CANCELLED', '2026-07-16 09:00:00'),
(146, 46, 4, 4, 369, '2026-07-17 15:00:00', 'COMPLETED', '2026-07-17 09:00:00'),
(147, 58, 5, 4, 398, '2026-07-06 08:30:00', 'COMPLETED', '2026-07-06 09:00:00'),
(148, 60, 13, 8, 1042, '2026-07-16 17:00:00', 'COMPLETED', '2026-07-16 09:00:00'),
(149, 16, 1, 1, 90, '2026-07-01 15:30:00', 'COMPLETED', '2026-07-01 09:00:00'),
(150, 21, 11, 7, 851, '2026-07-07 08:30:00', 'COMPLETED', '2026-07-07 09:00:00'),
(151, 78, 11, 7, 848, '2026-07-06 11:00:00', 'COMPLETED', '2026-07-06 09:00:00'),
(152, 28, 1, 1, 117, '2026-07-10 09:00:00', 'COMPLETED', '2026-07-10 09:00:00'),
(153, 19, 10, 6, 767, '2026-07-02 11:30:00', 'COMPLETED', '2026-07-02 09:00:00'),
(154, 32, 2, 2, 162, '2026-07-01 09:00:00', 'COMPLETED', '2026-07-01 09:00:00'),
(155, 51, 15, 10, 1143, '2026-07-03 16:00:00', 'CANCELLED', '2026-07-03 09:00:00')
ON CONFLICT (id) DO NOTHING;
-- 挂号共 65 条

-- ─── 9. 新增分诊记录 ───
INSERT INTO triage_record (id, patient_id, chief_complaint, recommended_department, recommended_doctor_ids, assigned_doctor_id, reason, status, created_at) VALUES
(129, 50, '咳嗽伴发热2天', '全科门诊', '2', 2, '根据症状：咳嗽伴发热2天，推荐至全科门诊', 'PENDING', '2026-07-16 09:00:00'),
(130, 23, '腰痛伴下肢麻木', '皮肤科', '15', 15, '根据症状：腰痛伴下肢麻木，推荐至皮肤科', 'COMPLETED', '2026-07-17 09:00:00'),
(131, 71, '皮疹瘙痒3天', '消化内科', '4', 4, '根据症状：皮疹瘙痒3天，推荐至消化内科', 'COMPLETED', '2026-07-16 09:00:00'),
(132, 29, '失眠多梦1月', '全科门诊', '2', 2, '根据症状：失眠多梦1月，推荐至全科门诊', 'COMPLETED', '2026-07-09 09:00:00'),
(133, 32, '月经不调3月', '妇产科', '12', 12, '根据症状：月经不调3月，推荐至妇产科', 'PENDING', '2026-07-15 09:00:00'),
(134, 41, '月经不调3月', '眼科', '16', 16, '根据症状：月经不调3月，推荐至眼科', 'COMPLETED', '2026-07-17 09:00:00'),
(135, 10, '腹痛腹泻1天', '儿科', '14', 14, '根据症状：腹痛腹泻1天，推荐至儿科', 'COMPLETED', '2026-07-03 09:00:00'),
(136, 48, '腹痛腹泻1天', '消化内科', '4', 4, '根据症状：腹痛腹泻1天，推荐至消化内科', 'COMPLETED', '2026-07-16 09:00:00'),
(137, 65, '腹痛腹泻1天', '眼科', '16', 16, '根据症状：腹痛腹泻1天，推荐至眼科', 'COMPLETED', '2026-07-17 09:00:00'),
(138, 23, '咳嗽伴发热2天', '消化内科', '4', 4, '根据症状：咳嗽伴发热2天，推荐至消化内科', 'COMPLETED', '2026-07-16 09:00:00'),
(139, 67, '关节疼痛2周', '全科门诊', '2', 2, '根据症状：关节疼痛2周，推荐至全科门诊', 'COMPLETED', '2026-07-09 09:00:00'),
(140, 52, '失眠多梦1月', '骨科', '10', 10, '根据症状：失眠多梦1月，推荐至骨科', 'COMPLETED', '2026-07-13 09:00:00'),
(141, 60, '胸闷气短1周', '骨科', '9', 9, '根据症状：胸闷气短1周，推荐至骨科', 'PENDING', '2026-07-02 09:00:00'),
(142, 40, '小儿发热39度', '骨科', '10', 10, '根据症状：小儿发热39度，推荐至骨科', 'COMPLETED', '2026-07-07 09:00:00'),
(143, 12, '胸闷气短1周', '口腔科', '18', 18, '根据症状：胸闷气短1周，推荐至口腔科', 'COMPLETED', '2026-07-21 09:00:00'),
(144, 59, '胸闷气短1周', '骨科', '10', 10, '根据症状：胸闷气短1周，推荐至骨科', 'COMPLETED', '2026-07-08 09:00:00'),
(145, 48, '耳鸣听力下降', '呼吸内科', '3', 3, '根据症状：耳鸣听力下降，推荐至呼吸内科', 'COMPLETED', '2026-07-06 09:00:00'),
(146, 38, '胸闷气短1周', '全科门诊', '2', 2, '根据症状：胸闷气短1周，推荐至全科门诊', 'COMPLETED', '2026-07-13 09:00:00'),
(147, 39, '腹痛腹泻1天', '皮肤科', '15', 15, '根据症状：腹痛腹泻1天，推荐至皮肤科', 'COMPLETED', '2026-07-08 09:00:00'),
(148, 32, '耳鸣听力下降', '眼科', '16', 16, '根据症状：耳鸣听力下降，推荐至眼科', 'COMPLETED', '2026-07-17 09:00:00'),
(149, 48, '皮疹瘙痒3天', '急诊科', '20', 20, '根据症状：皮疹瘙痒3天，推荐至急诊科', 'PENDING', '2026-07-03 09:00:00'),
(150, 64, '视力模糊1周', '骨科', '10', 10, '根据症状：视力模糊1周，推荐至骨科', 'PENDING', '2026-07-13 09:00:00'),
(151, 70, '失眠多梦1月', '妇产科', '13', 13, '根据症状：失眠多梦1月，推荐至妇产科', 'COMPLETED', '2026-07-07 09:00:00'),
(152, 20, '头痛3天', '耳鼻喉科', '17', 17, '根据症状：头痛3天，推荐至耳鼻喉科', 'COMPLETED', '2026-07-10 09:00:00'),
(153, 53, '视力模糊1周', '消化内科', '5', 5, '根据症状：视力模糊1周，推荐至消化内科', 'COMPLETED', '2026-07-03 09:00:00'),
(154, 30, '食欲不振2周', '心内科', '1', 1, '根据症状：食欲不振2周，推荐至心内科', 'COMPLETED', '2026-07-07 09:00:00'),
(155, 45, '皮疹瘙痒3天', '消化内科', '5', 5, '根据症状：皮疹瘙痒3天，推荐至消化内科', 'COMPLETED', '2026-07-16 09:00:00'),
(156, 43, '眩晕发作', '妇产科', '13', 13, '根据症状：眩晕发作，推荐至妇产科', 'COMPLETED', '2026-07-01 09:00:00'),
(157, 49, '关节疼痛2周', '中医科', '19', 19, '根据症状：关节疼痛2周，推荐至中医科', 'COMPLETED', '2026-07-14 09:00:00'),
(158, 14, '皮肤红肿热痛', '口腔科', '18', 18, '根据症状：皮肤红肿热痛，推荐至口腔科', 'PENDING', '2026-07-15 09:00:00'),
(159, 68, '皮肤红肿热痛', '神经内科', '7', 7, '根据症状：皮肤红肿热痛，推荐至神经内科', 'COMPLETED', '2026-07-20 09:00:00'),
(160, 54, '腰痛伴下肢麻木', '眼科', '16', 16, '根据症状：腰痛伴下肢麻木，推荐至眼科', 'COMPLETED', '2026-07-14 09:00:00'),
(161, 8, '视力模糊1周', '呼吸内科', '3', 3, '根据症状：视力模糊1周，推荐至呼吸内科', 'PENDING', '2026-07-08 09:00:00'),
(162, 36, '咽痛伴发热', '中医科', '19', 19, '根据症状：咽痛伴发热，推荐至中医科', 'COMPLETED', '2026-07-08 09:00:00'),
(163, 6, '胸闷气短1周', '儿科', '14', 14, '根据症状：胸闷气短1周，推荐至儿科', 'COMPLETED', '2026-07-03 09:00:00'),
(164, 67, '失眠多梦1月', '消化内科', '5', 5, '根据症状：失眠多梦1月，推荐至消化内科', 'COMPLETED', '2026-07-07 09:00:00'),
(165, 48, '视力模糊1周', '消化内科', '4', 4, '根据症状：视力模糊1周，推荐至消化内科', 'COMPLETED', '2026-07-14 09:00:00'),
(166, 11, '尿频尿急3天', '骨科', '10', 10, '根据症状：尿频尿急3天，推荐至骨科', 'COMPLETED', '2026-07-01 09:00:00'),
(167, 13, '月经不调3月', '神经内科', '6', 6, '根据症状：月经不调3月，推荐至神经内科', 'COMPLETED', '2026-07-06 09:00:00'),
(168, 18, '失眠多梦1月', '眼科', '16', 16, '根据症状：失眠多梦1月，推荐至眼科', 'PENDING', '2026-07-07 09:00:00'),
(169, 10, '食欲不振2周', '中医科', '19', 19, '根据症状：食欲不振2周，推荐至中医科', 'COMPLETED', '2026-07-07 09:00:00'),
(170, 73, '月经不调3月', '神经内科', '6', 6, '根据症状：月经不调3月，推荐至神经内科', 'COMPLETED', '2026-07-15 09:00:00'),
(171, 56, '食欲不振2周', '神经内科', '6', 6, '根据症状：食欲不振2周，推荐至神经内科', 'PENDING', '2026-07-09 09:00:00'),
(172, 31, '尿频尿急3天', '妇产科', '13', 13, '根据症状：尿频尿急3天，推荐至妇产科', 'COMPLETED', '2026-07-17 09:00:00'),
(173, 34, '失眠多梦1月', '骨科', '9', 9, '根据症状：失眠多梦1月，推荐至骨科', 'COMPLETED', '2026-07-03 09:00:00'),
(174, 51, '皮疹瘙痒3天', '骨科', '9', 9, '根据症状：皮疹瘙痒3天，推荐至骨科', 'COMPLETED', '2026-07-17 09:00:00'),
(175, 41, '心悸反复发作', '耳鼻喉科', '17', 17, '根据症状：心悸反复发作，推荐至耳鼻喉科', 'PENDING', '2026-07-15 09:00:00'),
(176, 35, '牙痛2天', '皮肤科', '15', 15, '根据症状：牙痛2天，推荐至皮肤科', 'COMPLETED', '2026-07-09 09:00:00'),
(177, 10, '眩晕发作', '眼科', '16', 16, '根据症状：眩晕发作，推荐至眼科', 'COMPLETED', '2026-07-07 09:00:00'),
(178, 18, '咽痛伴发热', '妇产科', '13', 13, '根据症状：咽痛伴发热，推荐至妇产科', 'PENDING', '2026-07-02 09:00:00'),
(179, 14, '食欲不振2周', '骨科', '9', 9, '根据症状：食欲不振2周，推荐至骨科', 'PENDING', '2026-07-17 09:00:00'),
(180, 14, '牙痛2天', '心内科', '1', 1, '根据症状：牙痛2天，推荐至心内科', 'COMPLETED', '2026-07-17 09:00:00'),
(181, 58, '腹痛腹泻1天', '急诊科', '20', 20, '根据症状：腹痛腹泻1天，推荐至急诊科', 'COMPLETED', '2026-07-10 09:00:00'),
(182, 41, '牙痛2天', '神经内科', '7', 7, '根据症状：牙痛2天，推荐至神经内科', 'COMPLETED', '2026-07-20 09:00:00'),
(183, 16, '月经不调3月', '心内科', '1', 1, '根据症状：月经不调3月，推荐至心内科', 'PENDING', '2026-07-16 09:00:00'),
(184, 46, '咳嗽伴发热2天', '消化内科', '4', 4, '根据症状：咳嗽伴发热2天，推荐至消化内科', 'COMPLETED', '2026-07-17 09:00:00'),
(185, 58, '小儿发热39度', '消化内科', '5', 5, '根据症状：小儿发热39度，推荐至消化内科', 'COMPLETED', '2026-07-06 09:00:00'),
(186, 60, '食欲不振2周', '妇产科', '13', 13, '根据症状：食欲不振2周，推荐至妇产科', 'COMPLETED', '2026-07-16 09:00:00'),
(187, 16, '皮疹瘙痒3天', '心内科', '1', 1, '根据症状：皮疹瘙痒3天，推荐至心内科', 'COMPLETED', '2026-07-01 09:00:00'),
(188, 21, '小儿发热39度', '泌尿外科', '11', 11, '根据症状：小儿发热39度，推荐至泌尿外科', 'COMPLETED', '2026-07-07 09:00:00'),
(189, 78, '食欲不振2周', '泌尿外科', '11', 11, '根据症状：食欲不振2周，推荐至泌尿外科', 'PENDING', '2026-07-06 09:00:00'),
(190, 28, '头痛3天', '心内科', '1', 1, '根据症状：头痛3天，推荐至心内科', 'PENDING', '2026-07-10 09:00:00'),
(191, 19, '食欲不振2周', '骨科', '10', 10, '根据症状：食欲不振2周，推荐至骨科', 'PENDING', '2026-07-02 09:00:00'),
(192, 32, '小儿发热39度', '全科门诊', '2', 2, '根据症状：小儿发热39度，推荐至全科门诊', 'COMPLETED', '2026-07-01 09:00:00'),
(193, 51, '小儿发热39度', '皮肤科', '15', 15, '根据症状：小儿发热39度，推荐至皮肤科', 'COMPLETED', '2026-07-03 09:00:00')
ON CONFLICT (id) DO NOTHING;
-- 分诊共 65 条

-- ─── 10. 新增病历 ───
INSERT INTO medical_record (id, patient_id, doctor_id, registration_id, chief_complaint, present_illness, past_history, physical_exam, diagnosis, treatment_advice, ai_generated, created_at) VALUES
(33, 29, 2, 94, '皮疹瘙痒3天', '患者皮疹瘙痒3天，遂来就诊。', '既往有高血压病史', '生命体征平稳，心肺腹查体未见明显异常。', '过敏性皮炎', '1. 注意休息 2. 清淡饮食 3. 随诊', True, '2026-07-09 09:00:00'),
(34, 32, 12, 95, '牙痛2天', '患者牙痛2天，遂来就诊。', '既往体健', '生命体征平稳，心肺腹查体未见明显异常。', '上呼吸道感染', '1. 注意休息 2. 清淡饮食 3. 随诊', True, '2026-07-15 09:00:00'),
(35, 41, 16, 96, '皮肤红肿热痛', '患者皮肤红肿热痛，遂来就诊。', '既往体健', '生命体征平稳，心肺腹查体未见明显异常。', '冠心病', '1. 注意休息 2. 清淡饮食 3. 随诊', False, '2026-07-17 09:00:00'),
(36, 23, 4, 100, '头痛3天', '患者头痛3天，遂来就诊。', '既往体健', '生命体征平稳，心肺腹查体未见明显异常。', '2型糖尿病', '1. 注意休息 2. 清淡饮食 3. 随诊', True, '2026-07-16 09:00:00'),
(37, 12, 18, 105, '失眠多梦1月', '患者失眠多梦1月，遂来就诊。', '既往有高血压病史', '生命体征平稳，心肺腹查体未见明显异常。', '急性胃肠炎', '1. 注意休息 2. 清淡饮食 3. 随诊', False, '2026-07-21 09:00:00'),
(38, 59, 10, 106, '皮疹瘙痒3天', '患者皮疹瘙痒3天，遂来就诊。', '既往体健', '生命体征平稳，心肺腹查体未见明显异常。', '脑供血不足', '1. 注意休息 2. 清淡饮食 3. 随诊', False, '2026-07-08 09:00:00'),
(39, 38, 2, 108, '月经不调3月', '患者月经不调3月，遂来就诊。', '既往体健', '生命体征平稳，心肺腹查体未见明显异常。', '脑供血不足', '1. 注意休息 2. 清淡饮食 3. 随诊', False, '2026-07-13 09:00:00'),
(40, 39, 15, 109, '小儿发热39度', '患者小儿发热39度，遂来就诊。', '既往有高血压病史', '生命体征平稳，心肺腹查体未见明显异常。', '尿路感染', '1. 注意休息 2. 清淡饮食 3. 随诊', False, '2026-07-08 09:00:00'),
(41, 48, 20, 111, '皮疹瘙痒3天', '患者皮疹瘙痒3天，遂来就诊。', '既往有高血压病史', '生命体征平稳，心肺腹查体未见明显异常。', '脑供血不足', '1. 注意休息 2. 清淡饮食 3. 随诊', False, '2026-07-03 09:00:00'),
(42, 20, 17, 114, '皮疹瘙痒3天', '患者皮疹瘙痒3天，遂来就诊。', '既往有高血压病史', '生命体征平稳，心肺腹查体未见明显异常。', '急性胃肠炎', '1. 注意休息 2. 清淡饮食 3. 随诊', True, '2026-07-10 09:00:00'),
(43, 30, 1, 116, '咽痛伴发热', '患者咽痛伴发热，遂来就诊。', '既往有高血压病史', '生命体征平稳，心肺腹查体未见明显异常。', '2型糖尿病', '1. 注意休息 2. 清淡饮食 3. 随诊', True, '2026-07-07 09:00:00'),
(44, 45, 5, 117, '心悸反复发作', '患者心悸反复发作，遂来就诊。', '既往体健', '生命体征平稳，心肺腹查体未见明显异常。', '2型糖尿病', '1. 注意休息 2. 清淡饮食 3. 随诊', True, '2026-07-16 09:00:00'),
(45, 68, 7, 121, '头痛3天', '患者头痛3天，遂来就诊。', '既往有高血压病史', '生命体征平稳，心肺腹查体未见明显异常。', '慢性胃炎', '1. 注意休息 2. 清淡饮食 3. 随诊', True, '2026-07-20 09:00:00'),
(46, 54, 16, 122, '腹痛腹泻1天', '患者腹痛腹泻1天，遂来就诊。', '既往有高血压病史', '生命体征平稳，心肺腹查体未见明显异常。', '脑供血不足', '1. 注意休息 2. 清淡饮食 3. 随诊', False, '2026-07-14 09:00:00'),
(47, 8, 3, 123, '视力模糊1周', '患者视力模糊1周，遂来就诊。', '既往体健', '生命体征平稳，心肺腹查体未见明显异常。', '2型糖尿病', '1. 注意休息 2. 清淡饮食 3. 随诊', False, '2026-07-08 09:00:00'),
(48, 6, 14, 125, '失眠多梦1月', '患者失眠多梦1月，遂来就诊。', '既往体健', '生命体征平稳，心肺腹查体未见明显异常。', '高血压病', '1. 注意休息 2. 清淡饮食 3. 随诊', True, '2026-07-03 09:00:00'),
(49, 67, 5, 126, '胸闷气短1周', '患者胸闷气短1周，遂来就诊。', '既往体健', '生命体征平稳，心肺腹查体未见明显异常。', '骨关节炎', '1. 注意休息 2. 清淡饮食 3. 随诊', False, '2026-07-07 09:00:00'),
(50, 48, 4, 127, '眩晕发作', '患者眩晕发作，遂来就诊。', '既往有高血压病史', '生命体征平稳，心肺腹查体未见明显异常。', '高血压病', '1. 注意休息 2. 清淡饮食 3. 随诊', True, '2026-07-14 09:00:00'),
(51, 13, 6, 129, '胸闷气短1周', '患者胸闷气短1周，遂来就诊。', '既往体健', '生命体征平稳，心肺腹查体未见明显异常。', '腰椎间盘突出', '1. 注意休息 2. 清淡饮食 3. 随诊', True, '2026-07-06 09:00:00'),
(52, 18, 16, 130, '皮肤红肿热痛', '患者皮肤红肿热痛，遂来就诊。', '既往有高血压病史', '生命体征平稳，心肺腹查体未见明显异常。', '失眠症', '1. 注意休息 2. 清淡饮食 3. 随诊', True, '2026-07-07 09:00:00'),
(53, 10, 19, 131, '皮疹瘙痒3天', '患者皮疹瘙痒3天，遂来就诊。', '既往体健', '生命体征平稳，心肺腹查体未见明显异常。', '急性胃肠炎', '1. 注意休息 2. 清淡饮食 3. 随诊', True, '2026-07-07 09:00:00'),
(54, 73, 6, 132, '心悸反复发作', '患者心悸反复发作，遂来就诊。', '既往体健', '生命体征平稳，心肺腹查体未见明显异常。', '冠心病', '1. 注意休息 2. 清淡饮食 3. 随诊', False, '2026-07-15 09:00:00'),
(55, 51, 9, 136, '腰痛伴下肢麻木', '患者腰痛伴下肢麻木，遂来就诊。', '既往有高血压病史', '生命体征平稳，心肺腹查体未见明显异常。', '慢性胃炎', '1. 注意休息 2. 清淡饮食 3. 随诊', True, '2026-07-17 09:00:00'),
(56, 41, 17, 137, '月经不调3月', '患者月经不调3月，遂来就诊。', '既往有高血压病史', '生命体征平稳，心肺腹查体未见明显异常。', '尿路感染', '1. 注意休息 2. 清淡饮食 3. 随诊', True, '2026-07-15 09:00:00'),
(57, 35, 15, 138, '视力模糊1周', '患者视力模糊1周，遂来就诊。', '既往有高血压病史', '生命体征平稳，心肺腹查体未见明显异常。', '高血压病', '1. 注意休息 2. 清淡饮食 3. 随诊', False, '2026-07-09 09:00:00'),
(58, 10, 16, 139, '头痛3天', '患者头痛3天，遂来就诊。', '既往有高血压病史', '生命体征平稳，心肺腹查体未见明显异常。', '冠心病', '1. 注意休息 2. 清淡饮食 3. 随诊', False, '2026-07-07 09:00:00'),
(59, 14, 9, 141, '腹痛腹泻1天', '患者腹痛腹泻1天，遂来就诊。', '既往体健', '生命体征平稳，心肺腹查体未见明显异常。', '慢性胃炎', '1. 注意休息 2. 清淡饮食 3. 随诊', False, '2026-07-17 09:00:00'),
(60, 14, 1, 142, '眩晕发作', '患者眩晕发作，遂来就诊。', '既往体健', '生命体征平稳，心肺腹查体未见明显异常。', '高血压病', '1. 注意休息 2. 清淡饮食 3. 随诊', False, '2026-07-17 09:00:00'),
(61, 58, 20, 143, '失眠多梦1月', '患者失眠多梦1月，遂来就诊。', '既往有高血压病史', '生命体征平稳，心肺腹查体未见明显异常。', '支气管哮喘', '1. 注意休息 2. 清淡饮食 3. 随诊', True, '2026-07-10 09:00:00'),
(62, 41, 7, 144, '耳鸣听力下降', '患者耳鸣听力下降，遂来就诊。', '既往有高血压病史', '生命体征平稳，心肺腹查体未见明显异常。', '慢性胃炎', '1. 注意休息 2. 清淡饮食 3. 随诊', False, '2026-07-20 09:00:00'),
(63, 16, 1, 145, '关节疼痛2周', '患者关节疼痛2周，遂来就诊。', '既往体健', '生命体征平稳，心肺腹查体未见明显异常。', '骨关节炎', '1. 注意休息 2. 清淡饮食 3. 随诊', True, '2026-07-16 09:00:00'),
(64, 46, 4, 146, '食欲不振2周', '患者食欲不振2周，遂来就诊。', '既往体健', '生命体征平稳，心肺腹查体未见明显异常。', '骨关节炎', '1. 注意休息 2. 清淡饮食 3. 随诊', True, '2026-07-17 09:00:00'),
(65, 58, 5, 147, '失眠多梦1月', '患者失眠多梦1月，遂来就诊。', '既往体健', '生命体征平稳，心肺腹查体未见明显异常。', '尿路感染', '1. 注意休息 2. 清淡饮食 3. 随诊', False, '2026-07-06 09:00:00'),
(66, 60, 13, 148, '牙痛2天', '患者牙痛2天，遂来就诊。', '既往有高血压病史', '生命体征平稳，心肺腹查体未见明显异常。', '过敏性皮炎', '1. 注意休息 2. 清淡饮食 3. 随诊', False, '2026-07-16 09:00:00'),
(67, 78, 11, 151, '尿频尿急3天', '患者尿频尿急3天，遂来就诊。', '既往体健', '生命体征平稳，心肺腹查体未见明显异常。', '骨关节炎', '1. 注意休息 2. 清淡饮食 3. 随诊', True, '2026-07-06 09:00:00'),
(68, 28, 1, 152, '耳鸣听力下降', '患者耳鸣听力下降，遂来就诊。', '既往体健', '生命体征平稳，心肺腹查体未见明显异常。', '2型糖尿病', '1. 注意休息 2. 清淡饮食 3. 随诊', True, '2026-07-10 09:00:00'),
(69, 51, 15, 155, '视力模糊1周', '患者视力模糊1周，遂来就诊。', '既往体健', '生命体征平稳，心肺腹查体未见明显异常。', '高血压病', '1. 注意休息 2. 清淡饮食 3. 随诊', False, '2026-07-03 09:00:00')
ON CONFLICT (id) DO NOTHING;
-- 病历共 37 条

-- ─── 11. 新增处方 ───
INSERT INTO prescription (id, patient_id, doctor_id, medical_record_id, registration_id, status, created_at) VALUES
(37, 29, 2, 33, 94, 'CONFIRMED', '2026-07-09 09:00:00'),
(38, 41, 16, 35, 96, 'CONFIRMED', '2026-07-17 09:00:00'),
(39, 23, 4, 36, 100, 'REJECTED', '2026-07-16 09:00:00'),
(40, 12, 18, 37, 105, 'CONFIRMED', '2026-07-21 09:00:00'),
(41, 38, 2, 39, 108, 'CONFIRMED', '2026-07-13 09:00:00'),
(42, 39, 15, 40, 109, 'REJECTED', '2026-07-08 09:00:00'),
(43, 48, 20, 41, 111, 'PENDING', '2026-07-03 09:00:00'),
(44, 20, 17, 42, 114, 'CONFIRMED', '2026-07-10 09:00:00'),
(45, 30, 1, 43, 116, 'REJECTED', '2026-07-07 09:00:00'),
(46, 45, 5, 44, 117, 'CONFIRMED', '2026-07-16 09:00:00'),
(47, 54, 16, 46, 122, 'CONFIRMED', '2026-07-14 09:00:00'),
(48, 8, 3, 47, 123, 'REJECTED', '2026-07-08 09:00:00'),
(49, 48, 4, 50, 127, 'PENDING', '2026-07-14 09:00:00'),
(50, 13, 6, 51, 129, 'PENDING', '2026-07-06 09:00:00'),
(51, 18, 16, 52, 130, 'CONFIRMED', '2026-07-07 09:00:00'),
(52, 10, 19, 53, 131, 'REJECTED', '2026-07-07 09:00:00'),
(53, 73, 6, 54, 132, 'PENDING', '2026-07-15 09:00:00'),
(54, 51, 9, 55, 136, 'CONFIRMED', '2026-07-17 09:00:00'),
(55, 41, 17, 56, 137, 'CONFIRMED', '2026-07-15 09:00:00'),
(56, 35, 15, 57, 138, 'CONFIRMED', '2026-07-09 09:00:00'),
(57, 14, 9, 59, 141, 'CONFIRMED', '2026-07-17 09:00:00'),
(58, 14, 1, 60, 142, 'PENDING', '2026-07-17 09:00:00'),
(59, 41, 7, 62, 144, 'CONFIRMED', '2026-07-20 09:00:00'),
(60, 16, 1, 63, 145, 'PENDING', '2026-07-16 09:00:00'),
(61, 46, 4, 64, 146, 'CONFIRMED', '2026-07-17 09:00:00'),
(62, 58, 5, 65, 147, 'PENDING', '2026-07-06 09:00:00'),
(63, 60, 13, 66, 148, 'CONFIRMED', '2026-07-16 09:00:00'),
(64, 78, 11, 67, 151, 'CONFIRMED', '2026-07-06 09:00:00'),
(65, 51, 15, 69, 155, 'PENDING', '2026-07-03 09:00:00')
ON CONFLICT (id) DO NOTHING;
-- 处方共 29 条
